Date,open,high,low,close,volume,average,close_shift,daily_change
2020-03-23,21.07,22.73,19.73,22.4,47787094,21.735,,
2020-03-24,24.41,26.84,23.59,26.39,58505016,25.4,22.4,17.812500000000007
2020-03-25,26.18,28.45,25.3104,26.19,52473945,26.185000000000002,26.39,-0.7578628268283372
2020-03-26,26.6,28.44,25.78,28.12,41370842,27.36,26.19,7.369224894998094
2020-03-27,25.82,28.03,25.07,27.28,40292212,26.55,28.12,-2.987197724039825
2020-03-30,26.33,28.39,25.31,27.83,37725659,27.08,27.28,2.0161290322580516
2020-03-31,27.75,28.25,26.92,27.92,43126370,27.835,27.83,0.3233920229967824
2020-04-01,26.5,26.767,24.8101,25.42,38538381,25.96,27.92,-8.954154727793695
2020-04-02,25.01,25.2,23.0,23.68,35838237,24.345,25.42,-6.845003933910309
2020-04-03,23.73,23.79,21.67,22.82,40572024,23.275,23.68,-3.6317567567567544
2020-04-06,24.13,26.09,23.93,25.99,34692625,25.06,22.82,13.891323400525856
2020-04-07,27.95,28.11,25.5,25.74,36433762,26.845,25.99,-0.9619084263178146
2020-04-08,26.0,27.8781,25.79,26.94,36166872,26.47,25.74,4.662004662004682
2020-04-09,27.88,28.89,26.46,27.11,36190207,27.494999999999997,26.94,0.6310319227913919
2020-04-13,27.04,28.08,26.47,27.99,24671570,27.515,27.11,3.2460346735522005
2020-04-14,28.0,28.77,27.013,27.75,32625332,27.875,27.99,-0.8574490889603381
2020-04-15,26.82,27.79,26.44,27.41,18720881,27.115000000000002,27.75,-1.2252252252252238
2020-04-16,27.21,28.05,26.46,27.03,24088739,27.12,27.41,-1.3863553447646781
2020-04-17,28.69,28.79,27.26,28.0,34129827,28.345,27.03,3.588605253422128
2020-04-20,27.07,28.76,26.9,28.19,32224037,27.630000000000003,28.0,0.6785714285714395
2020-04-21,27.5,28.15,26.6,27.19,20969116,27.345,28.19,-3.5473572188719382
2020-04-22,27.97,28.56,27.51,28.24,21222358,28.104999999999997,27.19,3.8617138653916694
2020-04-23,28.75,29.25,28.2414,28.33,26992375,28.54,28.24,0.31869688385268713
2020-04-24,28.51,29.59,28.14,29.49,20648859,29.0,28.33,4.094599364631124
2020-04-27,29.74,30.49,29.4112,30.08,31705827,29.909999999999997,29.49,2.000678195998651
2020-04-28,31.0,31.83,29.36,30.12,27383197,30.560000000000002,30.08,0.13297872340425343
2020-04-29,31.0,32.0,30.33,31.37,28288120,31.185000000000002,30.12,4.150066401062413
2020-04-30,30.5,31.05,29.75,30.27,20095396,30.384999999999998,31.37,-3.5065349059611117
2020-05-01,29.13,29.72,28.325,28.39,19290192,28.759999999999998,30.27,-6.21076973901552
2020-05-04,27.56,28.07,26.58,27.42,23428333,27.490000000000002,28.39,-3.4166960197252516
2020-05-05,28.25,28.9088,27.44,28.07,30725371,28.16,27.42,2.370532458059804
2020-05-06,27.5,28.06,26.81,27.82,31076451,27.66,28.07,-0.8906305664410419
2020-05-07,29.6,31.65,29.58,30.93,62229496,30.265,27.82,11.179007907979877
2020-05-08,32.59,33.3,31.64,32.79,69525793,32.69,30.93,6.013579049466533
2020-05-11,31.98,32.385,31.41,31.64,26439191,31.810000000000002,32.79,-3.5071668191521743
2020-05-12,31.42,34.45,30.41,32.4,89585967,31.91,31.64,2.402022756005051
2020-05-13,32.3,33.06,30.83,33.02,47279487,32.66,32.4,1.9135802469135932
2020-05-14,32.53,33.0399,31.24,32.79,32912581,32.66,33.02,-0.6965475469412619
2020-05-15,32.26,32.89,31.59,32.47,25949971,32.364999999999995,32.79,-0.9759072888075648
2020-05-18,33.7,36.0,32.99,33.62,47561742,33.66,32.47,3.541730828457035
2020-05-19,33.68,34.0,32.86,33.4,20223567,33.54,33.62,-0.6543723973825077
2020-05-20,34.12,34.77,33.82,34.48,21386703,34.3,33.4,3.233532934131733
2020-05-21,34.45,35.01,33.47,34.26,24075308,34.355000000000004,34.48,-0.6380510440835208
2020-05-22,34.15,34.93,33.57,34.83,18675675,34.489999999999995,34.26,1.6637478108581405
2020-05-26,35.97,36.0,34.5,34.56,23483218,35.265,34.83,-0.7751937984496027
2020-05-27,34.42,35.0,33.1,34.88,27514553,34.650000000000006,34.56,0.92592592592593
2020-05-28,34.9,35.1,33.82,34.15,21959579,34.525,34.88,-2.0928899082568897
2020-05-29,34.18,36.45,34.0,36.32,72422927,35.25,34.15,6.354319180087864
2020-06-01,35.64,36.39,35.16,35.82,21893806,35.730000000000004,36.32,-1.3766519823788514
2020-06-02,36.16,36.42,35.26,35.81,19328415,35.985,35.82,-0.02791736460077132
2020-06-03,36.2,37.3678,36.14,36.75,23051776,36.475,35.81,2.6249650935492808
2020-06-04,36.42,37.3,36.28,36.43,17423577,36.425,36.75,-0.8707482993197235
2020-06-05,37.53,38.7825,36.92,37.21,30393429,37.370000000000005,36.43,2.141092506176223
2020-06-08,37.87,37.9,36.09,37.08,30099525,37.474999999999994,37.21,-0.3493684493415805
2020-06-09,36.7,37.33,36.25,36.59,15127269,36.645,37.08,-1.321467098166118
2020-06-10,36.69,36.8,34.265,34.83,43473719,35.76,36.59,-4.810057392730272
2020-06-11,32.63,33.245,30.8904,31.1,45298714,31.865000000000002,34.83,-10.709158771174266
2020-06-12,32.73,32.74,31.04,32.24,27685169,32.485,31.1,3.665594855305465
2020-06-15,31.16,32.68,31.0201,32.67,21350290,31.915,32.24,1.3337468982630218
2020-06-16,34.0,34.17,32.43,33.49,21377119,33.745000000000005,32.67,2.5099479644934197
2020-06-17,33.5,33.595,33.011,33.29,14827742,33.394999999999996,33.49,-0.5971931919976248
2020-06-18,33.0,33.44,32.8,33.4,15495838,33.2,33.29,0.3304295584259487
2020-06-19,33.98,34.02,32.27,32.3,29426285,33.14,33.4,-3.293413173652704
2020-06-22,32.43,32.85,31.43,32.68,17790276,32.555,32.3,1.1764705882353121
2020-06-23,32.88,33.21,32.5901,33.05,13622126,32.965,32.68,1.1321909424724552
2020-06-24,32.75,32.93,30.455,30.46,29477229,31.605,33.05,-7.836611195158838
2020-06-25,30.0,30.855,29.56,30.58,19142789,30.29,30.46,0.3939592908732692
2020-06-26,30.44,30.44,29.2099,29.61,46482331,30.025,30.58,-3.1720078482668335
2020-06-29,29.51,29.75,28.39,29.63,20795402,29.57,29.61,0.06754474839580915
2020-06-30,30.83,31.25,30.13,31.08,21282810,30.955,29.63,4.893688828889631
2020-07-01,30.96,31.265,30.1622,30.43,13611544,30.695,31.08,-2.091377091377089
2020-07-02,31.02,31.57,30.51,30.68,14981137,30.85,30.43,0.8215576733486607
2020-07-06,33.1,33.2,31.76,32.52,42392222,32.81,30.68,5.997392438070426
2020-07-07,32.46,33.5598,32.39,32.82,34874658,32.64,32.52,0.9225092250922495
2020-07-08,33.21,33.97,32.68,33.93,24602369,33.57,32.82,3.3820840950639752
2020-07-09,34.24,34.46,32.2599,33.15,25061818,33.695,33.93,-2.298850574712652
2020-07-10,33.14,33.55,32.65,33.14,13586289,33.14,33.15,-0.030165912518842486
2020-07-13,33.21,33.6,31.66,31.72,19604822,32.465,33.14,-4.284852142426077
2020-07-14,31.35,31.38,30.48,30.93,21781825,31.14,31.72,-2.4905422446406034
2020-07-15,32.1,32.97,31.68,32.81,20976523,32.455,30.93,6.0782411897833954
2020-07-16,32.05,32.59,31.55,32.35,11090750,32.2,32.81,-1.4020115818348056
2020-07-17,32.58,32.8162,31.85,32.55,13667896,32.565,32.35,0.6182380216383176
2020-07-20,32.48,33.925,32.35,33.66,16213609,33.06999999999999,32.55,3.410138248847927
2020-07-21,34.16,34.23,32.53,32.55,16743293,33.355,33.66,-3.2976827094474137
2020-07-22,32.44,32.88,32.33,32.66,12128382,32.55,32.55,0.3379416282642156
2020-07-23,32.33,33.02,31.983,32.17,12749770,32.25,32.66,-1.5003061849356847
2020-07-24,31.74,31.8,30.47,31.18,16896059,31.46,32.17,-3.077401305564198
2020-07-27,31.21,31.6,30.75,30.99,10182302,31.1,31.18,-0.6093649775497201
2020-07-28,30.79,31.24,30.35,30.81,12977145,30.799999999999997,30.99,-0.5808325266214887
2020-07-29,30.92,31.26,30.77,31.02,8215892,30.97,30.81,0.6815968841285436
2020-07-30,30.65,30.68,29.97,30.24,13062912,30.445,31.02,-2.5145067698259194
2020-07-31,30.4,30.42,29.785,30.26,16360999,30.33,30.24,0.0661375661375807
2020-08-03,30.24,31.295,30.06,31.19,17084299,30.715,30.26,3.0733641771315323
2020-08-04,31.17,32.845,31.17,32.68,21958142,31.925,31.19,4.777172170567479
2020-08-05,33.1,33.32,32.5,33.2,17279011,33.150000000000006,32.68,1.5911872705018482
2020-08-06,33.27,34.795,33.21,34.71,38601493,33.99,33.2,4.548192771084336
2020-08-07,33.09,33.7,32.45,32.9,39071193,32.995000000000005,34.71,-5.214635551714208
2020-08-10,33.04,33.18,31.51,32.27,21347585,32.655,32.9,-1.9148936170212627
2020-08-11,31.66,32.21,30.65,31.21,31569923,31.435000000000002,32.27,-3.284784629687021
2020-08-12,31.46,32.22,30.69,30.84,23415151,31.15,31.21,-1.185517462351815
2020-08-13,30.52,31.33,30.32,30.46,21976775,30.490000000000002,30.84,-1.2321660181582317
2020-08-14,30.4,30.49,29.815,29.99,17631632,30.195,30.46,-1.5430072225870117
2020-08-17,30.05,30.12,29.14,29.48,18544676,29.765,29.99,-1.700566855618535
2020-08-18,29.5,30.46,29.41,30.08,29398212,29.79,29.48,2.0352781546811416
2020-08-19,30.15,30.349,29.39,29.42,14050333,29.785,30.08,-2.194148936170204
2020-08-20,29.13,31.7,28.48,31.41,56663347,30.27,29.42,6.764106050305907
2020-08-21,31.39,31.82,30.7144,30.83,20216997,31.11,31.41,-1.846545686087242
2020-08-24,30.97,31.3,30.37,31.04,17406239,31.005,30.83,0.6811547194291334
2020-08-25,31.04,31.19,30.6,31.19,10056762,31.115000000000002,31.04,0.48324742268042176
2020-08-26,31.01,32.71,30.95,32.3,20599776,31.655,31.19,3.55883295928181
2020-08-27,32.4,33.07,32.27,32.8,21306491,32.599999999999994,32.3,1.5479876160990669
2020-08-28,33.0,33.94,32.82,33.8,17833021,33.4,32.8,3.0487804878048808
2020-08-31,33.62,33.92,33.1401,33.63,14980621,33.625,33.8,-0.5029585798816405
2020-09-01,33.45,34.51,33.145,34.3,16026170,33.875,33.63,1.9922688076122297
2020-09-02,34.21,34.505,33.29,34.37,16552685,34.29,34.3,0.20408163265306367
2020-09-03,34.08,34.74,32.95,33.41,17288823,33.745,34.37,-2.7931335466977014
2020-09-04,33.33,33.65,31.55,33.24,17480617,33.285,33.41,-0.5088296917090562
2020-09-08,32.36,35.1,32.16,34.32,33683493,33.34,33.24,3.2490974729241895
2020-09-09,34.11,35.5,34.11,35.01,22803536,34.56,34.32,2.0104895104894993
2020-09-10,35.2,36.78,35.19,35.98,35468315,35.59,35.01,2.7706369608683223
2020-09-11,36.3,37.145,36.254,36.98,27130921,36.64,35.98,2.7793218454696955
2020-09-14,37.1,38.0,37.08,37.95,28016041,37.525000000000006,36.98,2.6230394808004487
2020-09-15,37.95,38.48,37.27,37.47,23532584,37.71,37.95,-1.2648221343873667
2020-09-16,37.39,38.52,37.39,37.66,21786591,37.525,37.47,0.507072324526292
2020-09-17,36.68,37.445,36.14,37.06,23534828,36.870000000000005,37.66,-1.5932023366967418
2020-09-18,37.15,37.565,36.39,37.12,68428610,37.135,37.06,0.16189962223420729
2020-09-21,35.86,36.58,35.12,36.49,19100814,36.175,37.12,-1.6971982758620552
2020-09-22,36.53,36.55,34.1,34.4,28242763,35.465,36.49,-5.7275966018087265
2020-09-23,34.45,34.805,33.4,33.55,15796892,34.0,34.4,-2.470930232558144
2020-09-24,33.66,34.0,32.89,33.35,16404055,33.504999999999995,33.55,-0.5961251862891093
2020-09-25,33.2,34.5,33.2,34.46,10736298,33.83,33.35,3.3283358320839618
2020-09-28,35.8,36.625,35.26,35.56,22878432,35.68,34.46,3.192106790481719
2020-09-29,35.56,35.65,34.595,35.43,16503443,35.495000000000005,35.56,-0.3655793025871823
2020-09-30,35.28,36.5,35.28,36.48,21386305,35.879999999999995,35.43,2.9635901778154006
2020-10-01,36.86,37.8282,36.58,37.14,19187502,37.0,36.48,1.8092105263157965
2020-10-02,36.0,37.99,35.94,37.72,20123445,36.86,37.14,1.5616585891222279
2020-10-05,37.7,38.0,36.88,37.14,13093069,37.42,37.72,-1.5376458112407176
2020-10-06,37.17,37.37,36.04,36.26,13074679,36.715,37.14,-2.3694130317716833
2020-10-07,36.59,37.11,36.365,36.78,13782136,36.685,36.26,1.4340871483728757
2020-10-08,37.0,37.83,36.96,37.34,12212370,37.17,36.78,1.522566612289289
2020-10-09,37.91,38.35,37.19,37.27,13172028,37.59,37.34,-0.1874665238350337
2020-10-12,37.56,37.56,36.175,36.26,16569415,36.91,37.27,-2.709954386906377
2020-10-13,36.22,36.23,35.02,35.56,15463089,35.89,36.26,-1.9305019305019155
2020-10-14,35.69,36.09,35.075,35.11,15402925,35.4,35.56,-1.265466816647931
2020-10-15,34.68,34.81,34.02,34.26,15449850,34.47,35.11,-2.420962688692685
2020-10-16,34.78,34.8,33.61,33.72,14904333,34.25,34.26,-1.5761821366024442
2020-10-19,34.16,34.59,34.0,34.22,19278584,34.19,33.72,1.4827995255041415
2020-10-20,34.53,36.76,34.53,36.31,29820702,35.42,34.22,6.107539450613686
2020-10-21,36.25,36.25,34.8751,35.2,19058727,35.725,36.31,-3.0570090884053935
2020-10-22,35.42,36.89,34.9146,36.7,14243611,36.06,35.2,4.2613636363636465
2020-10-23,36.5,36.99,35.9238,36.75,15960599,36.625,36.7,0.13623978201633413
2020-10-26,36.5,36.74,35.12,35.49,12511721,35.995000000000005,36.75,-3.4285714285714253
2020-10-27,35.51,35.7,34.02,34.16,13692117,34.834999999999994,35.49,-3.747534516765305
2020-10-28,33.62,33.66,32.9,33.65,15787858,33.635,34.16,-1.492974238875877
2020-10-29,33.71,34.935,33.33,34.06,13735346,33.885000000000005,33.65,1.2184249628529153
2020-10-30,33.91,34.3903,33.155,33.41,13508512,33.66,34.06,-1.9083969465649053
2020-11-02,34.15,35.05,34.06,34.81,18350453,34.480000000000004,33.41,4.190362167015871
2020-11-03,35.27,36.15,35.15,35.77,16208783,35.52,34.81,2.7578282102844076
2020-11-04,40.66,42.15,39.0,40.99,101818168,40.825,35.77,14.593234554095602
2020-11-05,40.33,42.05,40.01,41.96,34177623,41.144999999999996,40.99,2.366430836789468
2020-11-06,42.09,45.38,41.62,44.87,57670672,43.480000000000004,41.96,6.93517635843659
2020-11-09,48.01,49.62,47.3,48.18,61632340,48.095,44.87,7.376866503231572
2020-11-10,46.74,49.36,46.045,47.0,33079784,46.870000000000005,48.18,-2.4491490244914926
2020-11-11,46.72,47.52,45.91,46.23,19213685,46.474999999999994,47.0,-1.638297872340433
2020-11-12,45.39,47.47,45.05,46.4,16255467,45.894999999999996,46.23,0.36772658446895257
2020-11-13,47.11,47.79,45.93,47.61,15569906,47.36,46.4,2.6077586206896486
2020-11-16,48.74,50.09,48.48,49.21,29301713,48.975,47.61,3.360638521319048
2020-11-17,48.72,49.62,48.5,48.89,16638334,48.805,49.21,-0.6502743344848572
2020-11-18,48.77,49.95,48.33,49.11,17783508,48.94,48.89,0.44998977295971354
2020-11-19,49.1,49.91,48.65,49.26,13480257,49.18,49.11,0.30543677458765295
2020-11-20,49.98,50.75,48.27,48.43,17330366,49.205,49.26,-1.6849370686155107
2020-11-23,48.66,50.88,48.51,50.04,17147060,49.349999999999994,48.43,3.324385711335953
2020-11-24,50.62,52.15,50.4838,51.26,16216228,50.94,50.04,2.4380495603517183
2020-11-25,51.27,51.45,49.92,50.8,11641561,51.035,51.26,-0.8973858759266484
2020-11-27,50.93,51.19,50.2,50.72,8339157,50.825,50.8,-0.15748031496062298
2020-11-30,50.22,51.005,48.53,49.66,17221543,49.94,50.72,-2.0899053627760344
2020-12-01,50.0,51.41,49.07,49.63,20619101,49.815,49.66,-0.060410793395071494
2020-12-02,49.26,53.45,48.53,53.09,30381462,51.175,49.63,6.9715897642554925
2020-12-03,53.3,53.49,52.12,52.52,13122394,52.91,53.09,-1.0736485213787894
2020-12-04,52.71,54.86,52.71,54.86,22207887,53.785,52.52,4.455445544554437
2020-12-07,54.59,54.87,53.65,53.8,13757877,54.195,54.86,-1.932191031717101
2020-12-08,52.4,54.22,52.35,53.01,26154098,52.705,53.8,-1.4684014869888462
2020-12-09,53.98,56.02,53.06,53.79,46712769,53.885,53.01,1.4714204867006142
2020-12-10,52.33,54.62,51.3,54.35,20207664,53.34,53.79,1.0410857036623922
2020-12-11,54.47,55.025,52.33,52.63,16817870,53.55,54.35,-3.164673413063479
2020-12-14,53.27,53.44,51.24,51.46,19048536,52.365,52.63,-2.2230666920007636
2020-12-15,52.12,52.825,50.87,51.0,17504739,51.56,51.46,-0.8938981733385143
2020-12-16,51.18,51.68,50.29,50.49,19577759,50.835,51.0,-1.0000000000000009
2020-12-17,50.59,51.3,50.17,50.63,19688316,50.61,50.49,0.2772826302238185
2020-12-18,50.81,50.95,49.52,50.62,24355167,50.715,50.63,-0.019751135690315724
2020-12-21,49.0,52.35,48.79,51.8,23562858,50.4,50.62,2.3310944290794167
2020-12-22,52.11,54.36,51.92,53.78,23885275,52.945,51.8,3.8223938223938214
2020-12-23,53.8,54.09,52.99,53.71,12671105,53.754999999999995,53.78,-0.1301599107474849
2020-12-24,53.6,53.625,52.29,52.88,6316761,53.24,53.71,-1.5453360640476643
2020-12-28,53.02,53.13,51.56,51.97,12058981,52.495000000000005,52.88,-1.7208774583963748
2020-12-29,52.33,52.99,51.47,52.27,10140561,52.3,51.97,0.5772561092938222
2020-12-30,52.72,53.85,52.22,53.15,9518600,52.935,52.27,1.6835660991008083
2020-12-31,53.28,53.28,51.0,51.0,13282786,52.14,53.15,-4.045155221072438
2021-01-04,52.22,52.32,49.635,51.14,17291804,51.68,51.0,0.2745098039215632
2021-01-05,51.0,54.19,50.76,54.01,21403169,52.504999999999995,51.14,5.612045365662888
2021-01-06,53.31,54.07,52.0,52.48,17738115,52.894999999999996,54.01,-2.8328087391223833
2021-01-07,53.37,56.25,53.2,56.13,23737543,54.75,52.48,6.955030487804881
2021-01-08,54.395,54.79,52.58,53.28,37999442,53.837500000000006,56.13,-5.077498663816138
2021-01-11,53.11,55.0,52.99,54.59,23213840,53.85,53.28,2.4587087087087234
2021-01-12,55.5,59.39,55.0,58.54,52151405,57.019999999999996,54.59,7.235757464737125
2021-01-13,58.54,59.88,57.53,59.4,24178501,58.97,58.54,1.4690809702767371
2021-01-14,60.0,60.03,56.7,56.91,26561002,58.455,59.4,-4.191919191919191
2021-01-15,57.49,57.9,55.0,55.52,23708804,56.505,56.91,-2.4424529959585217
2021-01-19,56.39,56.8424,55.0,56.3,16953659,56.345,55.52,1.40489913544668
2021-01-20,57.0,57.98,55.47,56.38,16904343,56.69,56.3,0.1420959147424572
2021-01-21,56.57,57.0,55.3136,55.79,13432029,56.18,56.38,-1.0464703795672325
2021-01-22,55.25,55.47,54.01,54.31,19570506,54.78,55.79,-2.6528051622154436
2021-01-25,54.5,54.52,49.65,54.29,40890094,54.394999999999996,54.31,-0.036825630638925855
2021-01-26,54.62,55.52,51.53,51.92,25677017,53.269999999999996,54.29,-4.365444833302634
2021-01-27,49.97,50.86,47.15,48.11,33283424,49.04,51.92,-7.3382126348228045
2021-01-28,50.12,52.52,49.88,51.58,28114698,50.849999999999994,48.11,7.212637705258773
2021-01-29,50.63,51.4899,49.635,50.93,18743234,50.78,51.58,-1.2601783637068653
2021-02-01,52.12,52.9,51.35,52.76,15570904,52.44,50.93,3.5931670920871683
2021-02-02,55.11,58.03,54.89,56.46,30286801,55.785,52.76,7.012888551933294
2021-02-03,57.87,58.13,56.74,57.12,13519011,57.495,56.46,1.1689691817215575
2021-02-04,56.45,57.85,56.11,57.85,13847255,57.150000000000006,57.12,1.2780112044818104
2021-02-05,58.16,58.7075,57.37,58.58,15729172,58.37,57.85,1.2618841832324978
2021-02-08,59.7,60.11,58.69,59.29,18410638,59.495000000000005,58.58,1.2120177534994836
2021-02-09,58.91,61.06,58.62,59.61,23510740,59.26,59.29,0.539720020239498
2021-02-10,62.0,63.5,60.8,63.18,36972931,62.59,59.61,5.988928032209362
2021-02-11,63.25,64.05,60.395,60.71,41363413,61.980000000000004,63.18,-3.9094650205761305
2021-02-12,60.12,60.93,59.315,60.63,14607832,60.375,60.71,-0.1317740075770013
2021-02-16,61.02,61.31,59.84,60.52,15413075,60.77,60.63,-0.1814283358073543
2021-02-17,60.33,60.95,58.95,60.81,12669988,60.57,60.52,0.4791804362194396
2021-02-18,60.0,60.29,58.23,59.0,15135647,59.5,60.81,-2.976484130899526
2021-02-19,58.36,60.4572,58.113,58.39,28097000,58.375,59.0,-1.0338983050847461
2021-02-22,57.76,58.1,54.8157,55.31,25565420,56.535,58.39,-5.274875834903236
2021-02-23,53.5,56.37,51.89,56.0,23947540,54.75,55.31,1.2475140119327488
2021-02-24,54.95,55.15,53.66,53.91,24626966,54.43,56.0,-3.7321428571428616
2021-02-25,54.58,54.6,50.86,51.45,27049080,53.015,53.91,-4.5631608235948695
2021-02-26,52.07,52.75,50.61,51.75,16349839,51.91,51.45,0.5830903790087438
2021-03-01,53.67,54.76,53.3,54.4,18481137,54.035,51.75,5.120772946859908
2021-03-02,55.54,55.62,54.1894,54.65,15199537,55.095,54.4,0.4595588235294157
2021-03-03,55.93,57.8,54.65,56.11,28485381,56.019999999999996,54.65,2.6715462031106973
2021-03-04,55.75,57.16,51.61,53.07,27409574,54.41,56.11,-5.417929067902339
2021-03-05,54.28,55.83,50.81,55.54,31576175,54.91,53.07,4.654230261918224
2021-03-08,55.5,56.45,52.89,53.2,19912065,54.35,55.54,-4.213179690313284
2021-03-09,56.0,56.15,54.72,55.25,17192937,55.625,53.2,3.8533834586466087
2021-03-10,57.21,58.9,56.27,57.68,27997015,57.445,55.25,4.398190045248862
2021-03-11,58.8,59.48,58.22,58.95,17293752,58.875,57.68,2.20180305131763
2021-03-12,58.97,60.59,57.62,60.35,14839307,59.66,58.95,2.374893977947412
2021-03-15,60.35,60.53,59.12,60.19,14993629,60.269999999999996,60.35,-0.2651201325600705
2021-03-16,59.99,61.02,58.38,58.85,12885725,59.42,60.19,-2.226283435786669
2021-03-17,57.07,57.57,55.54,56.36,25509926,56.715,58.85,-4.231096006796942
2021-03-18,56.63,57.48,55.21,55.69,15742985,56.16,56.36,-1.18878637331441
2021-03-19,55.48,57.18,54.34,57.08,17396297,56.28,55.69,2.495959777338852
2021-03-22,57.25,57.61,55.47,55.69,14149412,56.47,57.08,-2.4351786965662203
2021-03-23,55.63,55.63,53.11,53.49,14513457,54.56,55.69,-3.9504399353564312
2021-03-24,54.46,54.96,52.54,52.57,13700843,53.515,53.49,-1.7199476537670622
2021-03-25,52.0,54.28,51.8,53.89,13210740,52.945,52.57,2.5109377972227565
2021-03-26,54.41,55.25,53.52,54.71,13528233,54.56,53.89,1.5216181109667826
2021-03-29,54.8,54.8,52.85,53.35,9724766,54.075,54.71,-2.4858343995613263
2021-03-30,52.99,54.12,52.64,53.46,9497186,53.225,53.35,0.20618556701030855
2021-03-31,53.96,55.18,53.58,54.51,14760464,54.235,53.46,1.9640852974186274
2021-04-01,55.61,57.63,54.81,57.6,18703397,56.605000000000004,54.51,5.668684645019262
2021-04-05,58.1,58.42,56.64,57.4,13490249,57.75,57.6,-0.3472222222222321
2021-04-06,57.34,58.99,57.16,58.05,13579181,57.695,57.4,1.1324041811846763
2021-04-07,58.02,58.13,55.95,56.89,12921863,57.455,58.05,-1.998277347114552
2021-04-08,56.65,57.94,56.54,57.83,9498507,57.239999999999995,56.89,1.652311478291435
2021-04-09,57.32,57.88,56.4,57.68,10228466,57.5,57.83,-0.2593809441466366
2021-04-12,59.05,60.77,58.75,59.44,36041324,59.245,57.68,3.051317614424409
2021-04-13,59.65,61.01,58.53,60.64,21006093,60.144999999999996,59.44,2.0188425302826385
2021-04-14,60.11,61.5,59.18,59.23,18959761,59.67,60.64,-2.3251978891820624
2021-04-15,59.88,61.09,59.5501,60.74,17500176,60.31,59.23,2.549383758230639
2021-04-16,60.74,60.85,59.54,60.35,11856110,60.545,60.74,-0.6420810009878153
2021-04-19,60.0,60.2201,57.52,57.85,16956891,58.925,60.35,-4.14250207125103
2021-04-20,58.0,58.12,55.244,55.48,19081120,56.739999999999995,57.85,-4.096802074330174
2021-04-21,55.0,56.2,54.61,55.77,11523907,55.385000000000005,55.48,0.5227108868060659
2021-04-22,55.85,57.2189,55.19,56.28,16936170,56.065,55.77,0.9144701452393766
2021-04-23,56.56,57.95,56.39,57.93,8763212,57.245000000000005,56.28,2.9317697228145034
2021-04-26,58.05,58.36,57.33,57.61,8361602,57.83,57.93,-0.5523908165026792
2021-04-27,58.32,58.4,57.05,57.16,12926757,57.739999999999995,57.61,-0.7811143898628803
2021-04-28,56.88,58.48,56.66,58.44,9269739,57.66,57.16,2.2393282015395366
2021-04-29,59.0,59.22,53.11,54.93,43407953,56.965,58.44,-6.006160164271046
2021-04-30,54.3,55.65,54.11,54.77,16736583,54.535,54.93,-0.29127981066812136
2021-05-03,55.12,56.13,54.84,54.85,13903303,54.985,54.77,0.14606536425050276
2021-05-04,54.52,54.72,52.01,52.99,19336646,53.755,54.85,-3.391066545123067
2021-05-05,53.87,53.87,50.63,51.18,28232537,52.525,52.99,-3.415738818645031
2021-05-06,48.39,49.81,45.72,46.65,79242393,47.519999999999996,51.18,-8.851113716295433
2021-05-07,47.22,48.6,46.5346,47.03,27933929,47.125,46.65,0.8145766345123207
2021-05-10,47.71,47.85,45.6,45.79,28309814,46.75,47.03,-2.6366149266425776
2021-05-11,44.5,46.79,44.182,46.21,29106917,45.355000000000004,45.79,0.9172308364271631
2021-05-12,45.9,46.105,43.17,43.81,32117357,44.855000000000004,46.21,-5.193681021423934
2021-05-13,44.99,46.1,43.5601,44.48,36205110,44.735,43.81,1.529331202921691
2021-05-14,45.03,47.71,44.85,47.42,25323284,46.225,44.48,6.609712230215847
2021-05-17,47.24,47.94,46.51,47.51,17475275,47.375,47.42,0.1897933361450832
2021-05-18,49.67,50.29,48.525,49.17,28244446,49.42,47.51,3.4940012628920325
2021-05-19,47.53,49.83,47.37,49.47,16517476,48.5,49.17,0.6101281269066394
2021-05-20,49.57,49.95,48.76,49.33,18822300,49.45,49.47,-0.28299979785728624
2021-05-21,49.57,49.95,48.76,48.82,20013223,49.195,49.33,-1.0338536387593744
2021-05-24,49.33,50.4,48.85,50.03,16768424,49.68,48.82,2.4784924211388892
2021-05-25,50.74,51.59,50.44,50.46,16930933,50.6,50.03,0.85948430941436
2021-05-26,50.32,51.36,49.76,51.12,16393706,50.72,50.46,1.3079667063020217
2021-05-27,51.44,51.69,48.72,50.71,51346020,51.075,51.12,-0.8020344287949843
2021-05-28,50.675,51.74,50.47,50.83,14226758,50.7525,50.71,0.23663971603233858
2021-06-01,51.62,51.66,49.84,50.98,16583752,51.3,50.83,0.2951013181192286
2021-06-02,51.19,51.41,50.55,50.79,13484205,50.989999999999995,50.98,-0.3726951745782636
2021-06-03,50.43,50.5,48.53,48.7,14712859,49.565,50.79,-4.114983264422123
2021-06-04,49.56,50.22,49.07,50.18,10409827,49.870000000000005,48.7,3.039014373716631
2021-06-07,50.49,51.22,49.75,50.76,16466233,50.625,50.18,1.1558389796731738
2021-06-08,50.7,51.4,48.66,49.88,19672716,50.290000000000006,50.76,-1.7336485421591719
2021-06-09,50.0,50.17,49.11,49.14,12615211,49.57,49.88,-1.4835605453087486
2021-06-10,49.69,49.895,48.425,49.55,14926468,49.62,49.14,0.8343508343508166
2021-06-11,50.03,50.36,49.535,50.01,12127112,50.019999999999996,49.55,0.9283551967709469
2021-06-14,50.06,51.49,49.56,50.77,15399156,50.415000000000006,50.01,1.5196960607878562
2021-06-15,49.55,49.955,49.09,49.3,20358633,49.425,50.77,-2.895410675595833
2021-06-16,49.35,49.66,48.29,48.89,18975750,49.120000000000005,49.3,-0.8316430020283927
2021-06-17,48.96,49.835,48.31,49.7,18887261,49.33,48.89,1.6567805277152736
2021-06-18,49.31,50.39,48.775,49.7,20633523,49.505,49.7,0.0
2021-06-21,49.72,49.86,47.9,48.12,30752163,48.92,49.7,-3.1790744466800858
2021-06-22,48.3,49.34,47.75,49.05,19472455,48.675,48.12,1.9326683291770674
2021-06-23,49.06,50.77,49.01,50.51,19843277,49.785,49.05,2.97655453618757
2021-06-24,51.3,51.55,50.22,50.82,12403301,51.06,50.51,0.613739853494355
2021-06-25,51.18,51.83,50.53,51.73,25727827,51.455,50.82,1.7906336088154173
2021-06-28,51.75,52.36,50.365,51.11,22518031,51.43,51.73,-1.19853083317224
2021-06-29,51.0,51.3,50.24,50.76,14104177,50.879999999999995,51.11,-0.6847974955977332
2021-06-30,51.02,51.13,49.71,50.12,18069434,50.57,50.76,-1.2608353033884967
2021-07-01,50.88,51.6,50.02,50.59,17732585,50.735,50.12,0.9377494014365606
2021-07-02,50.57,51.825,50.39,51.71,13698243,51.14,50.59,2.213876260130454
2021-07-06,50.6,52.03,50.4,50.8,21357834,50.7,51.71,-1.759814349255473
2021-07-07,50.8,51.03,48.54,48.68,24559506,49.739999999999995,50.8,-4.173228346456693
2021-07-08,47.16,48.21,46.57,47.55,24930159,47.355,48.68,-2.321281840591627
2021-07-09,47.84,49.25,47.71,49.07,15400975,48.455,47.55,3.1966351209253396
2021-07-12,48.87,49.29,48.09,48.41,14142309,48.64,49.07,-1.3450173221927986
2021-07-13,48.49,48.59,47.75,48.08,11283578,48.285,48.41,-0.6816773393926834
2021-07-14,48.28,48.59,47.11,47.15,15837013,47.715,48.08,-1.9342762063227936
2021-07-15,46.86,47.46,46.15,46.42,17225275,46.64,47.15,-1.5482502651113395
2021-07-16,46.4,47.09,46.01,46.19,18224518,46.295,46.42,-0.4954760878931541
2021-07-19,45.0,45.7466,44.435,45.56,20890643,45.28,46.19,-1.3639315869235613
2021-07-20,45.46,46.66,45.07,46.32,13851368,45.89,45.56,1.668129938542573
2021-07-21,46.53,47.94,46.35,47.52,14953653,47.025000000000006,46.32,2.590673575129543
2021-07-22,47.7,48.17,47.24,47.57,11560839,47.635000000000005,47.52,0.10521885521885821
2021-07-23,47.61,47.69,46.78,47.46,9540666,47.535,47.57,-0.23123817532058055
2021-07-26,47.04,47.6,46.37,46.81,12497997,46.925,47.46,-1.3695743784239323
2021-07-27,46.54,46.6599,44.765,45.82,16874229,46.18,46.81,-2.114932706686612
2021-07-28,45.88,46.9632,45.81,46.14,19510262,46.010000000000005,45.82,0.698384984722833
2021-07-29,44.12,45.21,44.0,44.69,51033697,44.405,46.14,-3.142609449501521
2021-07-30,44.38,44.73,43.34,43.46,22194938,43.92,44.69,-2.752293577981646
2021-08-02,44.1,44.29,43.445,43.49,26579889,43.795,43.46,0.06902899217671177
2021-08-03,43.56,43.68,41.62,42.79,37622181,43.175,43.49,-1.609565417337322
2021-08-04,42.7,42.82,41.37,41.81,42969148,42.255,42.79,-2.29025473241411
2021-08-05,40.5,44.65,40.15,43.07,60871534,41.785,41.81,3.0136331021286766
2021-08-06,43.74,44.935,43.65,44.28,25514939,44.010000000000005,43.07,2.8093800789412704
2021-08-09,44.19,44.27,43.21,43.25,19238407,43.72,44.28,-2.32610659439928
2021-08-10,43.7,44.24,43.25,43.5,26675230,43.6,43.25,0.5780346820809301
2021-08-11,43.41,43.5,42.0,43.08,21766053,43.245,43.5,-0.96551724137931
2021-08-12,42.86,42.965,42.18,42.73,16556292,42.795,43.08,-0.8124419684308326
2021-08-13,42.8,43.03,42.2,42.22,8598787,42.51,42.73,-1.1935408378188628
2021-08-16,41.76,41.79,40.86,41.5,19250132,41.629999999999995,42.22,-1.70535291331122
2021-08-17,41.0,41.48,40.58,41.0,20364438,41.0,41.5,-1.2048192771084376
2021-08-18,40.97,41.53,40.8,40.88,13682286,40.925,41.0,-0.29268292682925745
2021-08-19,40.28,40.6,39.51,39.86,22471416,40.07,40.88,-2.4951076320939403
2021-08-20,39.69,40.0799,39.2399,39.95,18080694,39.82,39.86,0.22579026593076978
2021-08-23,39.0,41.08,38.84,41.0,33901259,40.0,39.95,2.6282853566958586
2021-08-24,41.1,41.21,39.97,40.17,44872760,40.635000000000005,41.0,-2.0243902439024297
2021-08-25,40.44,42.11,40.04,41.55,26498361,40.995,40.17,3.4353995519043945
2021-08-26,41.49,41.94,40.54,40.62,17473357,41.055,41.55,-2.238267148014439
2021-08-27,40.53,41.31,40.5,40.69,13612504,40.61,40.62,0.17232890201870354
2021-08-30,40.58,40.74,39.11,39.59,29516296,40.085,40.69,-2.703366920619299
2021-08-31,39.81,40.275,39.125,39.14,26395998,39.475,39.59,-1.1366506693609613
2021-09-01,39.98,41.665,39.87,40.62,27788584,40.3,39.14,3.78129790495656
2021-09-02,40.75,41.86,40.5365,41.4,20654223,41.075,40.62,1.9202363367799125
2021-09-03,41.22,41.575,40.23,40.32,15466520,40.769999999999996,41.4,-2.608695652173909
2021-09-07,40.49,41.08,40.31,40.95,15708573,40.72,40.32,1.5625
2021-09-08,40.85,41.34,39.83,40.07,16219948,40.46,40.95,-2.1489621489621524
2021-09-09,40.1,40.95,39.84,40.35,14260282,40.225,40.07,0.6987771400049914
2021-09-10,40.62,40.83,39.865,39.89,14230634,40.254999999999995,40.35,-1.1400247831474641
2021-09-13,40.26,41.19,39.26,40.07,28868762,40.165,39.89,0.4512409125094097
2021-09-14,39.9,40.1,38.55,39.01,36717255,39.455,40.07,-2.645370601447472
2021-09-15,39.0,39.0,38.08,38.48,30368821,38.739999999999995,39.01,-1.3586259933350497
2021-09-16,38.3,39.67,38.09,39.52,25374019,38.91,38.48,2.7027027027027195
2021-09-17,39.9,40.225,39.29,39.75,32178093,39.825,39.52,0.5819838056680071
2021-09-20,38.88,40.22,38.73,39.79,35417620,39.335,39.75,0.10062893081761448
2021-09-21,42.34,45.0,42.18,44.36,106631670,43.35,39.79,11.48529781352099
2021-09-22,44.9,46.62,44.61,44.87,56455147,44.885,44.36,1.1496844003606732
2021-09-23,45.35,45.84,44.71,45.48,26232791,45.415,44.87,1.3594829507465933
2021-09-24,45.46,47.045,45.291,46.63,29458270,46.045,45.48,2.528583992963962
2021-09-27,46.77,47.43,46.19,47.25,23034751,47.010000000000005,46.63,1.3296161269568785
2021-09-28,46.7,47.0,45.76,45.98,23707883,46.34,47.25,-2.6878306878306946
2021-09-29,46.0,46.53,44.3,44.52,24599488,45.260000000000005,45.98,-3.1752936059155967
2021-09-30,44.71,45.365,43.86,44.8,16659698,44.754999999999995,44.52,0.6289308176100405
2021-10-01,45.915,47.25,45.79,47.05,25428283,46.4825,44.8,5.022321428571419
2021-10-04,46.4699,46.83,45.2,45.72,21588150,46.09495,47.05,-2.826780021253983
2021-10-05,45.91,46.08,45.345,45.61,12433928,45.76,45.72,-0.24059492563429652
2021-10-06,45.33,47.18,45.0,47.01,24868676,46.17,45.61,3.0695023021267254
2021-10-07,47.64,48.2384,46.89,47.91,25961566,47.775,47.01,1.9144862795150042
2021-10-08,48.08,48.88,47.605,47.77,17980417,47.925,47.91,-0.2922145689834954
2021-10-11,47.7,47.87,46.28,46.29,16336783,46.995000000000005,47.77,-3.0981787732886845
2021-10-12,46.33,47.05,46.155,46.72,12404189,46.525,46.29,0.928926333981428
2021-10-13,46.26,47.0,45.94,46.41,13754404,46.334999999999994,46.72,-0.6635273972602773
2021-10-14,46.98,47.94,46.84,47.28,18514016,47.129999999999995,46.41,1.8745959922430666
2021-10-15,47.91,48.84,47.34,48.36,20581670,48.135,47.28,2.284263959390853
2021-10-18,47.68,47.95,46.75,47.07,19806658,47.375,48.36,-2.667493796526055
2021-10-19,47.2,47.69,46.74,47.05,16500199,47.125,47.07,-0.042489908646703434
2021-10-20,47.15,47.54,45.93,46.0,15570862,46.575,47.05,-2.2316684378320906
2021-10-21,45.97,47.54,45.52,46.47,15741030,46.22,46.0,1.0217391304347734
2021-10-22,46.0,46.5,45.23,45.51,19259203,45.754999999999995,46.47,-2.0658489347966436
2021-10-25,45.67,46.07,45.0173,45.72,12955477,45.695,45.51,0.46143704680290387
2021-10-26,46.28,47.69,45.86,46.02,19491761,46.150000000000006,45.72,0.6561679790026309
2021-10-27,46.47,46.55,44.165,44.73,26999752,45.599999999999994,46.02,-2.8031290743155246
2021-10-28,45.0,45.4117,44.3833,44.62,14768789,44.81,44.73,-0.24591996422982376
2021-10-29,44.49,44.8,43.57,43.82,18283203,44.155,44.62,-1.7929179740026835
2021-11-01,44.07,45.025,43.65,44.36,20983925,44.215,43.82,1.2323140118667197
2021-11-02,44.34,44.35,42.3309,42.89,28002584,43.615,44.36,-3.313796212804321
2021-11-03,45.33,46.26,44.71,45.72,38499594,45.525,42.89,6.598274656096992
2021-11-04,45.54,46.53,44.99,45.27,31903047,45.405,45.72,-0.9842519685039242
2021-11-05,47.5,48.74,46.61,47.19,45641491,47.345,45.27,4.2412193505632745
2021-11-08,47.08,47.645,45.82,45.89,25257852,46.485,47.19,-2.754820936639113
2021-11-09,45.91,45.98,43.68,45.51,33588854,45.709999999999994,45.89,-0.8280671170189602
2021-11-10,44.9,45.25,42.6,43.38,33712210,44.14,45.51,-4.680290046143698
2021-11-11,43.32,43.72,42.44,43.28,27307792,43.3,43.38,-0.2305209774089434
2021-11-12,43.57,45.13,43.57,45.12,29804574,44.345,43.28,4.251386321626605
2021-11-15,45.11,45.26,43.56,43.61,19690003,44.36,45.12,-3.3466312056737557
2021-11-16,45.54,46.66,44.8607,45.76,46219690,45.65,43.61,4.930061912405415
2021-11-17,45.36,45.64,43.9,44.11,25036352,44.735,45.76,-3.605769230769229
2021-11-18,44.53,45.325,43.575,45.0,27839873,44.765,44.11,2.0176830650646016
2021-11-19,43.93,44.72,43.5,44.23,21465519,44.08,45.0,-1.7111111111111188
2021-11-22,43.96,44.4,41.805,42.6,31355201,43.28,44.23,-3.685281483156222
2021-11-23,42.38,43.1399,41.6,42.68,18099396,42.53,42.6,0.1877934272300319
2021-11-24,42.0,42.37,41.24,42.08,17118201,42.04,42.68,-1.4058106841612017
2021-11-26,39.61,40.62,38.77,40.52,35453586,40.065,42.08,-3.707224334600745
2021-11-29,41.06,41.25,38.78,39.7,27724438,40.38,40.52,-2.0236920039486628
2021-11-30,39.25,39.95,37.035,38.0,55268520,38.625,39.7,-4.282115869017645
2021-12-01,39.45,39.5,35.8,36.02,47369182,37.735,38.0,-5.2105263157894655
2021-12-02,36.55,38.395,36.45,38.12,32266969,37.334999999999994,36.02,5.830094392004415
2021-12-03,37.42,37.84,35.26,35.85,47392730,36.635000000000005,38.12,-5.954879328436502
2021-12-06,35.95,38.69,35.44,38.49,36689186,37.22,35.85,7.3640167364016795
2021-12-07,39.4,40.22,37.76,38.08,40443330,38.739999999999995,38.49,-1.0652117433099573
2021-12-08,38.3,39.41,38.01,38.81,29688552,38.555,38.08,1.9170168067226934
2021-12-09,38.44,38.7,37.475,37.54,22994806,37.989999999999995,38.81,-3.272352486472563
2021-12-10,37.41,37.87,36.61,36.67,25760609,37.04,37.54,-2.3175279701651452
2021-12-13,36.18,36.308,34.88,35.73,38394720,35.955,36.67,-2.5634033269702927
2021-12-14,35.25,38.45,35.21,37.26,45491730,36.254999999999995,35.73,4.282115869017633
2021-12-15,36.91,38.375,36.24,37.83,37612574,37.37,37.26,1.5297906602254496
2021-12-16,38.25,38.5765,37.125,37.7,31478392,37.975,37.83,-0.3436426116838365
2021-12-17,37.2,40.0,36.74,39.68,51048124,38.44,37.7,5.2519893899204195
2021-12-20,38.45,40.1491,38.08,39.7,28153739,39.075,39.68,0.05040322580645018
2021-12-21,39.82,42.08,39.82,41.97,28385155,40.894999999999996,39.7,5.717884130982354
2021-12-22,41.95,43.23,41.45,43.02,27675666,42.485,41.97,2.501786990707666
2021-12-23,43.03,44.35,42.76,43.91,21763417,43.47,43.02,2.0688052068805085
2021-12-27,43.44,44.24,42.8201,42.96,28284981,43.2,43.91,-2.1635162833067545
2021-12-28,42.6,43.74,42.3,42.54,21480952,42.57,42.96,-0.9776536312849249
2021-12-29,42.72,42.93,41.815,42.46,15908613,42.59,42.54,-0.18805829807240215
2021-12-30,42.29,43.34,42.2,42.66,13516258,42.474999999999994,42.46,0.47103155911445427
2021-12-31,42.53,43.12,41.93,41.93,13746893,42.230000000000004,42.66,-1.7112048757618292
2022-01-03,42.48,44.405,41.89,43.95,26364965,43.215,41.93,4.817553064631541
2022-01-04,44.23,44.8,42.58,44.42,30845320,44.325,43.95,1.0693970420932786
2022-01-05,44.29,45.9,42.86,43.24,28498663,43.765,44.42,-2.656461053579473
2022-01-06,43.11,44.08,40.97,42.03,32434252,42.57,43.24,-2.798334875115638
2022-01-07,42.0,42.65,41.2,41.51,24875831,41.754999999999995,42.03,-1.2372115155841135
2022-01-10,41.48,42.81,40.16,42.6,29783757,42.04,41.51,2.625873283546132
2022-01-11,42.36,44.17,42.19,43.62,22160976,42.989999999999995,42.6,2.3943661971830954
2022-01-12,43.99,44.1,42.535,43.04,18993872,43.515,43.62,-1.3296652911508389
2022-01-13,43.34,43.92,42.725,42.87,17190076,43.105000000000004,43.04,-0.3949814126394058
2022-01-14,42.4,42.72,40.355,41.51,25817795,41.955,42.87,-3.172381618847675
2022-01-18,40.96,40.96,38.37,38.41,36902203,39.685,41.51,-7.468079980727538
2022-01-19,38.21,38.89,37.115,37.86,35552500,38.035,38.41,-1.4319187711533399
2022-01-20,38.29,39.64,37.75,37.82,21720081,38.055,37.86,-0.10565240359218242
2022-01-21,37.41,37.6,35.845,35.94,41836756,36.675,37.82,-4.970914859862519
2022-01-24,34.91,36.42,33.51,36.28,49280929,35.595,35.94,0.9460211463550472
2022-01-25,35.47,36.09,34.515,34.82,29576954,35.144999999999996,36.28,-4.024255788313125
2022-01-26,36.07,36.68,34.45,34.8,29495872,35.435,34.82,-0.05743825387709567
2022-01-27,35.37,35.79,33.94,34.09,26086745,34.730000000000004,34.8,-2.040229885057454
2022-01-28,34.17,35.22,32.81,35.21,28007148,34.69,34.09,3.2854209445585036
2022-01-31,35.34,37.54,35.3,37.4,22899346,36.370000000000005,35.21,6.2198239136608935
2022-02-01,37.63,38.705,37.2,38.61,19669916,38.120000000000005,37.4,3.2352941176470695
2022-02-02,38.53,38.62,37.03,37.17,19591123,37.85,38.61,-3.7296037296037254
2022-02-03,36.08,36.74,34.3,34.54,32192064,35.31,37.17,-7.075598601022337
2022-02-04,35.0,37.355,34.36,37.05,33082059,36.025,34.54,7.266936884771269
2022-02-07,36.985,39.05,36.985,37.54,30303150,37.2625,37.05,1.322537112010802
2022-02-08,37.25,38.57,36.95,38.34,25857624,37.795,37.54,2.1310602024507297
2022-02-09,38.81,40.4,38.16,40.19,52614106,39.5,38.34,4.825247782994246
2022-02-10,41.0,42.56,37.35,37.75,113914950,39.375,40.19,-6.071161980592176
2022-02-11,37.96,38.65,34.48,35.29,72568418,36.625,37.75,-6.51655629139073
2022-02-14,35.2,35.99,34.32,34.59,44556745,34.895,35.29,-1.9835647492207342
2022-02-15,35.44,37.21,35.11,37.09,38183480,36.265,34.59,7.227522405319453
2022-02-16,36.63,37.39,36.27,36.58,33165886,36.605000000000004,37.09,-1.3750337018064274
2022-02-17,36.13,37.43,35.41,35.71,28432069,35.92,36.58,-2.3783488244942474
2022-02-18,35.52,36.325,34.67,34.68,28199909,35.1,35.71,-2.8843461215345867
2022-02-22,34.21,35.1,33.28,33.68,28731344,33.945,34.68,-2.8835063437139596
2022-02-23,33.89,34.2099,32.3,32.39,27254847,33.14,33.68,-3.8301662707838413
2022-02-24,29.97,34.95,29.71,34.87,42978100,32.42,32.39,7.6566841617783155
2022-02-25,34.84,35.2717,34.01,34.98,23691460,34.91,34.87,0.3154574132492094
2022-02-28,35.26,36.31,34.9845,36.03,44865191,35.644999999999996,34.98,3.0017152658662116
2022-03-01,35.45,35.6,33.65,33.89,31436210,34.67,36.03,-5.93949486538995
2022-03-02,34.0,34.22,32.97,34.04,26112459,34.019999999999996,33.89,0.44260843906756
2022-03-03,34.22,34.2914,31.415,31.72,38337646,32.97,34.04,-6.815511163337251
2022-03-04,31.5,31.73,29.27,29.83,52160494,30.665,31.72,-5.958385876418671
2022-03-07,31.48,31.9384,28.55,28.57,60265807,30.025,29.83,-4.223935635266507
2022-03-08,28.51,31.57,28.2777,30.74,55014737,29.625,28.57,7.595379768988453
2022-03-09,31.75,32.73,31.2,31.5,33734505,31.625,30.74,2.472348731294738
2022-03-10,30.86,31.145,29.84,30.41,30785877,30.634999999999998,31.5,-3.4603174603174636
2022-03-11,31.3,31.39,30.42,30.76,29454687,31.03,30.41,1.1509371917132638
2022-03-14,30.51,30.55,28.8,29.27,41897395,29.89,30.76,-4.843953185955796
2022-03-15,29.52,30.41,29.06,29.8,33060463,29.66,29.27,1.810727707550397
2022-03-16,30.53,32.635,30.27,32.61,34688771,31.57,29.8,9.429530201342274
2022-03-17,32.34,32.92,31.57,32.85,27278649,32.595,32.61,0.7359705611775569
2022-03-18,32.52,33.42,32.33,33.36,35827779,32.94,32.85,1.552511415525104
2022-03-21,32.82,32.82,31.25,31.98,35200551,32.4,33.36,-4.136690647482011
2022-03-22,31.93,33.6,31.84,33.35,21852813,32.64,31.98,4.2839274546591755
2022-03-23,32.71,33.68,32.57,33.06,19024734,32.885000000000005,33.35,-0.8695652173912993
2022-03-24,34.74,34.95,33.44,34.7,52533577,34.72,33.06,4.960677555958859
2022-03-25,34.55,34.92,33.55,34.06,28078801,34.305,34.7,-1.8443804034582123
2022-03-28,34.14,34.91,33.73,34.77,22175227,34.455,34.06,2.084556664709347
2022-03-29,35.57,37.45,35.57,37.19,37969049,36.379999999999995,34.77,6.96002300834051
2022-03-30,36.66,37.0885,36.205,36.58,22306544,36.62,37.19,-1.6402258671685876
2022-03-31,36.5,36.73,35.37,35.68,20608652,36.09,36.58,-2.460360852925092
2022-04-01,35.68,36.48,35.4,35.98,16793293,35.83,35.68,0.8408071748878809
2022-04-04,36.4,36.93,36.215,36.51,20230463,36.455,35.98,1.4730405780989386
2022-04-05,36.35,36.61,34.72,34.96,20984153,35.655,36.51,-4.2454122158312675
2022-04-06,33.855,34.0,32.55,33.41,28854792,33.63249999999999,34.96,-4.433638443935939
2022-04-07,33.34,33.34,31.02,32.27,34581042,32.80500000000001,33.41,-3.412152050284323
2022-04-08,31.92,32.551,31.58,32.05,17991006,31.985,32.27,-0.6817477533312855
2022-04-11,31.36,32.69,31.11,32.04,19680280,31.7,32.05,-0.031201248049916863
2022-04-12,32.4,33.095,31.71,31.99,32619822,32.195,32.04,-0.15605493133583614
2022-04-13,32.0,33.11,31.93,32.63,20186411,32.315,31.99,2.000625195373562
2022-04-14,32.86,33.465,32.64,32.68,18763002,32.769999999999996,32.63,0.15323322096230108
2022-04-18,32.55,32.605,31.42,31.79,24413827,32.17,32.68,-2.7233782129743034
2022-04-19,32.16,33.99,31.97,33.8,23319577,32.98,31.79,6.322743000943687
2022-04-20,33.99,34.32,33.18,33.21,21330537,33.6,33.8,-1.7455621301775026
2022-04-21,34.25,34.41,31.37,31.68,32937079,32.965,33.21,-4.607046070460708
2022-04-22,31.62,32.225,30.8,30.83,22748875,31.225,31.68,-2.6830808080808177
2022-04-25,30.59,32.5,30.46,32.44,29416342,31.515,30.83,5.222186182289978
2022-04-26,32.04,32.2,31.0,31.33,26981913,31.685,32.44,-3.421701602959304
2022-04-27,31.1,31.98,30.16,30.68,30762551,30.89,31.33,-2.0746887966804906
2022-04-28,31.0,32.87,30.98,32.82,30251634,31.91,30.68,6.975228161668845
2022-04-29,32.52,33.15,31.41,31.48,24948561,32.0,32.82,-4.082876294942106
2022-05-02,31.24,31.35,29.51,30.39,45650984,30.814999999999998,31.48,-3.462515883100381
2022-05-03,30.15,30.59,28.85,29.47,58340743,29.81,30.39,-3.027311615663053
2022-05-04,27.41,28.4,25.9,28.1,115601799,27.755000000000003,29.47,-4.648795385137417
2022-05-05,27.87,28.83,26.2,26.83,52804190,27.35,28.1,-4.519572953736661
2022-05-06,26.84,26.84,24.75,26.07,56575091,26.455,26.83,-2.8326500186358516
2022-05-09,25.41,26.065,22.8,23.05,58095902,24.23,26.07,-11.584196394322976
2022-05-10,23.85,24.55,22.8,23.67,47982539,23.76,23.05,2.6898047722342833
2022-05-11,23.28,24.15,22.5,22.57,51137731,22.925,23.67,-4.647232784114919
2022-05-12,22.15,24.06,21.69,23.29,63999349,22.72,22.57,3.1900753212228627
2022-05-13,23.88,24.8711,23.68,24.39,53577608,24.134999999999998,23.29,4.723057106054096
2022-05-16,24.27,24.46,23.4,23.59,27285196,23.93,24.39,-3.2800328003280033
2022-05-17,24.32,24.9,23.59,24.2,33859419,24.259999999999998,23.59,2.5858414582450084
2022-05-18,23.98,24.1882,22.34,22.46,35747320,23.22,24.2,-7.190082644628093
2022-05-19,22.29,23.81,22.2,23.24,36461194,22.765,22.46,3.4728406055209105
2022-05-20,23.81,24.1,22.41,23.35,32104721,23.58,23.24,0.47332185886403977
2022-05-23,23.32,23.83,22.71,23.78,35204796,23.55,23.35,1.8415417558886427
2022-05-24,23.69,23.74,21.41,21.55,40726064,22.62,23.78,-9.377628259041215
2022-05-25,21.71,22.355,21.275,22.04,31270767,21.875,21.55,2.2737819025522077
2022-05-26,22.15,23.28,21.925,23.1,30199398,22.625,22.04,4.8094373865698925
2022-05-27,23.49,24.13,23.33,23.67,29710163,23.58,23.1,2.467532467532463
2022-05-31,23.5,23.9,23.034,23.2,33194791,23.35,23.67,-1.985635825940013
2022-06-01,23.53,23.87,22.565,22.94,26383612,23.235,23.2,-1.1206896551724022
2022-06-02,23.07,24.83,22.94,24.74,30691100,23.905,22.94,7.8465562336530015
2022-06-03,24.17,24.495,23.725,24.15,24283631,24.16,24.74,-2.3848019401778497
2022-06-06,24.86,25.435,24.28,24.73,29834677,24.795,24.15,2.401656314699796
2022-06-07,24.2,25.7,24.07,25.3,27453723,24.75,24.73,2.3048928427011672
2022-06-08,25.7,26.55,25.3,25.83,31225314,25.765,25.3,2.0948616600790393
2022-06-09,25.94,26.69,25.355,25.44,42149561,25.69,25.83,-1.5098722415795462
2022-06-10,24.8,24.9709,23.65,23.72,29897398,24.259999999999998,25.44,-6.76100628930818
2022-06-13,22.22,22.585,21.3429,21.57,33130326,21.895,23.72,-9.06408094435075
2022-06-14,21.72,21.9523,20.8936,21.09,43006334,21.405,21.57,-2.2253129346314293
2022-06-15,21.34,22.39,21.24,22.03,36073711,21.685000000000002,21.09,4.4570886676149835
2022-06-16,21.04,21.4,20.155,20.47,55312350,20.755,22.03,-7.081252837040408
2022-06-17,20.37,21.96,20.37,21.81,46728428,21.09,20.47,6.546165119687353
2022-06-21,22.0,22.46,21.69,21.76,35257652,21.880000000000003,21.81,-0.22925263640530824
2022-06-22,21.41,22.21,21.3,21.5,32353317,21.455,21.76,-1.194852941176483
2022-06-23,21.63,22.44,21.39,22.37,27010545,22.0,21.5,4.04651162790699
2022-06-24,22.48,23.19,22.3,23.03,38140098,22.755000000000003,22.37,2.950379973178374
2022-06-27,23.45,23.64,22.345,22.86,27153354,23.155,23.03,-0.7381676074685317
2022-06-28,22.97,23.46,22.04,22.08,24360150,22.525,22.86,-3.4120734908136496
2022-06-29,22.11,22.15,21.08,21.47,30704792,21.79,22.08,-2.7626811594202882
2022-06-30,21.11,21.1255,19.895,20.46,30882454,20.785,21.47,-4.704238472286903
2022-07-01,20.7,21.37,20.43,21.34,20693312,21.02,20.46,4.3010752688172005
2022-07-05,21.17,22.55,20.83,22.52,24515795,21.845,21.34,5.529522024367384
2022-07-06,21.5,22.08,21.32,21.5,32689429,21.5,22.52,-4.529307282415629
2022-07-07,21.64,22.7589,21.61,22.74,23121886,22.189999999999998,21.5,5.767441860465117
2022-07-08,22.43,22.96,21.8321,22.34,20231300,22.384999999999998,22.74,-1.7590149516270803
2022-07-11,21.95,22.25,21.14,21.19,17562117,21.57,22.34,-5.147717099373317
2022-07-12,21.28,21.78,20.975,21.57,17373535,21.425,21.19,1.7932987258140631
2022-07-13,20.93,21.61,20.72,21.5,18994916,21.215,21.57,-0.3245248029670855
2022-07-14,21.25,21.465,20.5905,20.65,31561675,20.95,21.5,-3.953488372093028
2022-07-15,21.0,21.78,20.765,21.67,24503631,21.335,20.65,4.939467312348689
2022-07-18,22.17,23.2,22.11,22.58,30935860,22.375,21.67,4.199353945546824
2022-07-19,22.75,23.08,22.19,22.67,23148938,22.71,22.58,0.39858281665192674
2022-07-20,22.89,24.22,22.805,24.12,27844618,23.505000000000003,22.67,6.39611821790913
2022-07-21,24.02,24.25,23.6,24.23,18425364,24.125,24.12,0.4560530679933672
2022-07-22,24.33,24.81,23.085,23.3,20209442,23.814999999999998,24.23,-3.838217086256701
2022-07-25,23.27,23.54,22.63,23.35,12923042,23.310000000000002,23.3,0.21459227467810482
2022-07-26,23.15,23.15,22.45,22.55,24402801,22.85,23.35,-3.426124197002145
2022-07-27,23.0,23.3199,22.49,23.09,28384348,23.045,22.55,2.394678492239466
2022-07-28,22.89,23.42,22.14,23.31,22886075,23.1,23.09,0.9527934170636687
2022-07-29,23.18,23.485,22.39,23.45,29406649,23.314999999999998,23.31,0.6006006006006093
2022-08-01,23.43,24.62,22.885,24.6,46960678,24.015,23.45,4.904051172707891
2022-08-02,28.49,29.43,27.1,29.25,107926256,28.869999999999997,24.6,18.90243902439024
2022-08-03,29.72,31.43,29.36,30.19,62061199,29.955,29.25,3.2136752136752156
2022-08-04,29.78,32.23,29.6,31.85,55573597,30.815,30.19,5.498509440211996
2022-08-05,31.2,32.63,31.04,32.01,39963623,31.604999999999997,31.85,0.5023547880690593
2022-08-08,32.33,32.955,31.66,31.85,28064916,32.09,32.01,-0.4998437988128601
2022-08-09,31.37,31.55,30.72,31.06,27042937,31.215,31.85,-2.4803767660910636
2022-08-10,32.44,33.19,32.23,32.8,31318068,32.62,31.06,5.602060528010289
2022-08-11,33.16,33.36,32.0415,32.24,24624627,32.7,32.8,-1.7073170731707221
2022-08-12,32.59,32.76,31.7,32.47,21950694,32.53,32.24,0.7133995037220675
2022-08-15,32.1,32.91,31.93,32.49,14149208,32.295,32.47,0.061595318755780504
2022-08-16,32.08,32.725,31.33,32.38,28072342,32.230000000000004,32.49,-0.33856571252692813
2022-08-17,31.65,31.71,30.44,30.72,24239351,31.185,32.38,-5.12662137121681
2022-08-18,30.56,30.62,29.86,30.15,20831615,30.354999999999997,30.72,-1.85546875
2022-08-19,29.5,29.57,28.63,29.01,24180912,29.255000000000003,30.15,-3.7810945273631713
2022-08-22,28.34,28.805,27.87,28.0,20233070,28.17,29.01,-3.4815580834195115
2022-08-23,28.06,28.675,27.75,27.81,24298325,27.935,28.0,-0.6785714285714284
2022-08-24,27.93,29.22,27.85,28.71,20022520,28.32,27.81,3.2362459546925626
2022-08-25,28.89,29.64,28.81,29.62,15470918,29.255000000000003,28.71,3.1696273075583425
2022-08-26,29.51,29.71,28.3601,28.58,16490809,29.045,29.62,-3.5111411208642918
2022-08-29,28.1,29.19,28.06,28.74,17245101,28.42,28.58,0.5598320503848786
2022-08-30,29.18,29.29,28.12,28.71,24409322,28.945,28.74,-0.10438413361167909
2022-08-31,29.11,29.8799,28.75,28.76,20740662,28.935000000000002,28.71,0.17415534656914922
2022-09-01,28.17,28.95,27.69,28.92,17828091,28.545,28.76,0.5563282336578546
2022-09-02,29.5,29.635,28.6499,29.05,14604356,29.275,28.92,0.4495159059474396
2022-09-06,29.34,29.37,28.28,28.89,20422802,29.115000000000002,29.05,-0.5507745266781439
2022-09-07,28.91,30.15,28.82,30.03,20632173,29.47,28.89,3.9460020768431914
2022-09-08,29.42,30.9,29.29,30.68,29393512,30.05,30.03,2.164502164502169
2022-09-09,31.0,32.05,30.89,31.78,28055864,31.39,30.68,3.5853976531942777
2022-09-12,31.95,32.62,31.85,32.5,29349907,32.225,31.78,2.265575833857758
2022-09-13,30.69,31.78,30.22,31.32,29364741,31.005000000000003,32.5,-3.6307692307692263
2022-09-14,31.25,33.14,31.1,33.05,34493388,32.15,31.32,5.523627075351212
2022-09-15,32.95,34.325,32.7401,33.13,41849089,33.040000000000006,33.05,0.2420574886535798
2022-09-16,30.96,32.145,30.88,31.93,50970679,31.445,33.13,-3.6220947781467006
2022-09-19,31.44,31.98,31.06,31.49,22867569,31.465,31.93,-1.3780144065142497
2022-09-20,31.49,32.56,31.19,31.49,23652413,31.49,31.49,0.0
2022-09-21,31.45,31.675,30.35,30.47,22328370,30.96,31.49,-3.239123531279775
2022-09-22,30.19,30.19,28.53,28.58,29038114,29.384999999999998,30.47,-6.202822448309819
2022-09-23,28.01,28.34,27.36,27.82,26472605,27.915,28.58,-2.6592022393281955
2022-09-26,27.71,28.16,26.82,26.89,24953815,27.3,27.82,-3.3429187634795077
2022-09-27,27.67,28.49,27.16,27.57,22392782,27.62,26.89,2.528821123094094
2022-09-28,27.43,28.16,27.19,28.04,21290383,27.735,27.57,1.704751541530647
2022-09-29,27.66,27.72,26.0,26.42,26170831,27.04,28.04,-5.777460770328091
2022-09-30,26.16,27.31,26.16,26.5,23894897,26.33,26.42,0.3028009084027117
2022-10-03,26.76,26.9,25.96,26.72,19940791,26.740000000000002,26.5,0.8301886792452695
2022-10-04,27.625,29.25,27.5995,29.19,25462214,28.4075,26.72,9.244011976047917
2022-10-05,28.48,29.65,28.31,29.18,21458516,28.83,29.19,-0.03425830763961191
2022-10-06,29.2,30.24,28.96,29.73,25399517,29.465,29.18,1.8848526387936992
2022-10-07,28.83,28.86,27.92,28.07,19690232,28.45,29.73,-5.583585603767238
2022-10-10,28.24,28.45,27.23,27.53,13413529,27.884999999999998,28.07,-1.923762023512643
2022-10-11,25.545,26.05,22.94,24.66,92468794,25.1025,27.53,-10.424990918997457
2022-10-12,25.05,26.115,24.56,25.98,30945853,25.515,24.66,5.352798053527974
2022-10-13,24.47,26.025,24.19,25.0,32838495,24.735,25.98,-3.772132409545803
2022-10-14,25.65,26.07,24.66,24.71,22553952,25.18,25.0,-1.1599999999999944
2022-10-17,25.26,26.265,25.08,25.94,25074914,25.6,24.71,4.9777418049372635
2022-10-18,27.07,27.71,26.495,27.61,25643306,27.34,25.94,6.437933693138009
2022-10-19,27.06,27.73,26.85,27.53,15428466,27.295,27.61,-0.28975009054689194
2022-10-20,27.32,28.68,27.24,27.87,20835269,27.595,27.53,1.2350163458045849
2022-10-21,27.5,28.435,27.16,28.02,20651552,27.759999999999998,27.87,0.5382131324004336
2022-10-24,27.71,27.98,26.51,27.65,19194218,27.68,28.02,-1.3204853675945816
2022-10-25,28.0,28.545,27.33,28.36,17366382,28.18,27.65,2.5678119349005435
2022-10-26,28.09,28.9801,27.865,28.2,17349542,28.145,28.36,-0.5641748942172065
2022-10-27,28.4,28.76,27.66,27.82,16768633,28.11,28.2,-1.3475177304964503
2022-10-28,27.81,27.88,26.49,27.5,27116701,27.655,27.82,-1.1502516175413424
2022-10-31,27.61,27.73,26.3,26.57,37327035,27.09,27.5,-3.381818181818186
2022-11-01,30.07,30.9999,29.12,29.75,87994014,29.91,26.57,11.968385397064353
2022-11-02,29.57,30.16,28.63,28.81,37083453,29.189999999999998,29.75,-3.159663865546225
2022-11-03,28.03,29.52,27.71,28.73,28033212,28.380000000000003,28.81,-0.27768136063865967
2022-11-04,29.44,29.725,28.04,28.39,22304190,28.915,28.73,-1.1834319526627168
2022-11-07,28.705,28.825,27.615,27.69,19204075,28.197499999999998,28.39,-2.465656921451209
2022-11-08,27.57,28.33,26.82,27.44,27033898,27.505000000000003,27.69,-0.9028530155290704
2022-11-09,27.31,28.005,26.44,26.55,21186266,26.93,27.44,-3.24344023323615
2022-11-10,28.38,29.32,28.1,28.85,35196917,28.615000000000002,26.55,8.662900188323919
2022-11-11,28.95,30.435,28.7,29.15,35861055,29.049999999999997,28.85,1.0398613518197486
2022-11-14,28.85,29.7,28.79,29.07,24426194,28.96,29.15,-0.2744425385934779
2022-11-15,30.25,31.815,30.0,31.57,43066493,30.91,29.07,8.599931200550404
2022-11-16,30.95,31.16,29.83,30.04,26540199,30.494999999999997,31.57,-4.8463731390560705
2022-11-17,29.1,29.5,28.4,28.88,22684059,28.990000000000002,30.04,-3.8615179760319585
2022-11-18,29.21,29.405,28.7,28.96,15676273,29.085,28.88,0.27700831024930483
2022-11-21,28.52,28.71,28.01,28.25,16159379,28.384999999999998,28.96,-2.4516574585635387
2022-11-22,28.27,28.33,27.3117,28.08,20368643,28.174999999999997,28.25,-0.601769911504435
2022-11-23,28.36,28.94,28.14,28.79,12964924,28.575,28.08,2.528490028490027
2022-11-25,28.71,28.88,28.24,28.5,5200356,28.605,28.79,-1.0072941993747753
2022-11-28,28.11,28.655,27.73,27.76,11126985,27.935000000000002,28.5,-2.5964912280701746
2022-11-29,28.05,28.23,27.58,27.76,15007821,27.905,27.76,0.0
2022-11-30,27.8,29.14,27.64,29.14,18177028,28.47,27.76,4.971181556195958
2022-12-01,29.22,29.6,28.3,28.34,18066596,28.78,29.14,-2.745367192862047
2022-12-02,27.38,28.78,27.19,28.75,15980529,28.064999999999998,28.34,1.4467184191954807
2022-12-05,28.41,28.86,27.65,27.7,17486336,28.055,28.75,-3.652173913043477
2022-12-06,27.7,27.86,26.7,26.92,19772905,27.310000000000002,27.7,-2.8158844765342916
2022-12-07,26.61,26.87,26.02,26.4,21193949,26.505,26.92,-1.9316493313521699
2022-12-08,26.52,27.03,26.2761,26.45,14909647,26.485,26.4,0.18939393939394478
2022-12-09,26.4,26.96,26.24,26.55,14253514,26.475,26.45,0.3780718336483968
2022-12-12,26.42,27.23,26.11,27.03,16483626,26.725,26.55,1.8079096045197751
2022-12-13,28.03,28.455,26.91,26.98,27635364,27.505000000000003,27.03,-0.18497965223825963
2022-12-14,27.07,27.82,26.77,27.47,19427279,27.27,26.98,1.8161601186063692
2022-12-15,26.98,27.11,25.88,26.24,19383729,26.61,27.47,-4.477611940298509
2022-12-16,26.06,26.45,25.66,25.97,22684200,26.015,26.24,-1.028963414634143
2022-12-19,26.02,26.02,24.69,24.95,35616094,25.485,25.97,-3.9276087793608028
2022-12-20,24.72,25.28,24.61,24.96,28536476,24.84,24.95,0.04008016032064354
2022-12-21,25.15,25.67,24.8709,25.36,20444478,25.255,24.96,1.6025641025640969
2022-12-22,24.93,25.1,24.0415,24.64,23752734,24.785,25.36,-2.8391167192428957
2022-12-23,24.46,24.725,24.162,24.64,11610045,24.55,24.64,0.0
2022-12-27,24.29,24.7,23.9,24.4,15258601,24.345,24.64,-0.9740259740259827
2022-12-28,24.21,24.72,24.02,24.59,15669206,24.4,24.4,0.7786885245901765
2022-12-29,24.75,25.375,24.29,24.91,17828296,24.83,24.59,1.3013420089467376
2022-12-30,24.42,24.85,24.24,24.73,20474050,24.575000000000003,24.91,-0.7226013649136886
2023-01-03,25.37,25.75,25.02,25.36,22155275,25.365000000000002,24.73,2.5475131419328667
2023-01-04,25.73,25.97,25.32,25.91,14815960,25.82,25.36,2.1687697160883257
2023-01-05,25.73,26.01,25.55,25.55,9942038,25.64,25.91,-1.389424932458505
2023-01-06,25.86,26.54,25.4,26.4,19443753,26.13,25.55,3.326810176125239
2023-01-09,27.3,28.05,27.15,27.4,24962057,27.35,26.4,3.7878787878787845
2023-01-10,27.4,28.25,27.15,28.04,15413738,27.72,27.4,2.335766423357666
2023-01-11,28.24,28.52,27.92,28.35,15421719,28.295,28.04,1.1055634807418002
2023-01-12,28.85,29.185,28.2,29.03,17513401,28.94,28.35,2.3985890652557407
2023-01-13,28.68,29.5,28.66,29.44,16940714,29.060000000000002,29.03,1.4123320702721376
2023-01-17,29.44,29.78,28.955,29.2,20816486,29.32,29.44,-0.815217391304357
2023-01-18,29.95,30.09,28.885,28.96,25257235,29.455,29.2,-0.8219178082191747
2023-01-19,28.47,29.2854,28.34,29.03,15651532,28.75,28.96,0.24171270718231774
2023-01-20,29.3,30.39,29.12,30.36,23008696,29.83,29.03,4.581467447468124
2023-01-23,30.63,31.11,30.265,30.53,22041062,30.58,30.36,0.5599472990777343
2023-01-24,25.71,31.2,25.71,29.93,14464364,27.82,30.53,-1.9652800524074698
2023-01-25,29.22,30.4,28.8,30.29,14488139,29.755,29.93,1.202806548613422
2023-01-26,30.53,30.6472,29.31,30.02,25383593,30.275,30.29,-0.8913832948167721
2023-01-27,29.7,30.5968,29.5,30.36,18223987,30.03,30.02,1.1325782811459018
2023-01-30,30.2,30.54,29.59,29.63,17969731,29.915,30.36,-2.4044795783926265
2023-01-31,29.75,30.96,29.74,30.93,15611532,30.34,29.63,4.387445156935543
2023-02-01,30.88,31.85,30.64,31.49,21206352,31.185,30.93,1.810539928871635
2023-02-02,32.42,33.47,32.42,33.05,32045470,32.735,31.49,4.953953636074937
2023-02-03,32.17,33.95,32.15,33.09,25804879,32.63,33.05,0.121028744326801
2023-02-06,33.53,34.21,32.9,33.9,33594934,33.715,33.09,2.447869446962825
2023-02-07,33.66,35.06,33.41,34.9,59374036,34.28,33.9,2.9498525073746285
2023-02-08,37.43,37.58,34.5,36.83,109597829,37.129999999999995,34.9,5.530085959885378
2023-02-09,36.89,37.36,35.65,35.89,44068509,36.39,36.83,-2.552267173499856
2023-02-10,34.4,35.3986,34.05,34.3,41936379,34.349999999999994,35.89,-4.4302033992755785
2023-02-13,34.5,34.52,33.35,33.44,35043744,33.97,34.3,-2.507288629737603
2023-02-14,33.11,35.36,32.7239,35.23,38856463,34.17,33.44,5.352870813397126
2023-02-15,35.01,36.24,34.715,36.23,31492167,35.62,35.23,2.8384899233607763
2023-02-16,35.6,36.73,35.452,36.22,28202687,35.91,36.23,-0.027601435274626773
2023-02-17,35.96,36.23,34.57,34.77,27946727,35.365,36.22,-4.003313086692428
2023-02-21,33.78,34.39,33.49,34.2,24696827,33.99,34.77,-1.6393442622950838
2023-02-22,34.35,35.17,34.22,34.54,23294036,34.445,34.2,0.994152046783614
2023-02-23,34.79,34.7999,33.7,34.47,23661721,34.629999999999995,34.54,-0.2026635784597608
2023-02-24,33.7,33.92,33.02,33.4,19100996,33.55,34.47,-3.10414853495794
2023-02-27,33.675,33.85,33.06,33.55,19079075,33.6125,33.4,0.44910179640718084
2023-02-28,33.75,34.0,33.165,33.26,17144021,33.504999999999995,33.55,-0.8643815201192173
2023-03-01,33.43,33.58,32.89,32.99,14404671,33.21,33.26,-0.8117859290438845
2023-03-02,32.54,33.8,32.23,33.69,17976269,33.114999999999995,32.99,2.1218551076083614
2023-03-03,34.0,34.59,33.8,34.57,14990366,34.285,33.69,2.6120510537251507
2023-03-06,34.585,35.11,33.85,33.88,18903006,34.2325,34.57,-1.99595024587792
2023-03-07,33.85,35.0,33.6,34.14,25538363,33.995000000000005,33.88,0.7674144037780328
2023-03-08,34.01,34.63,33.52,34.01,16174274,34.01,34.14,-0.3807850029291182
2023-03-09,34.41,34.52,32.28,32.32,27629682,33.364999999999995,34.01,-4.969126727433104
2023-03-10,32.0,32.035,30.77,31.11,32553607,31.555,32.32,-3.7438118811881194
2023-03-13,30.585,31.085,29.97,30.82,24302644,30.7025,31.11,-0.9321761491481784
2023-03-14,32.94,33.42,32.16,32.36,34241847,32.65,30.82,4.996755353666438
2023-03-15,31.83,32.235,31.385,31.97,28434860,31.9,32.36,-1.2051915945611835
2023-03-16,31.59,32.9,31.55,32.73,20088655,32.16,31.97,2.3772286518611185
2023-03-17,32.38,32.47,31.51,31.78,27102497,32.08,32.73,-2.9025358997861184
2023-03-20,31.6,32.36,31.46,31.93,14157845,31.765,31.78,0.4719949653870348
2023-03-21,32.33,33.14,32.23,32.86,19780177,32.595,31.93,2.9126213592232997
2023-03-22,32.58,32.72,31.5,31.52,24636356,32.05,32.86,-4.077906269020081
2023-03-23,31.88,32.2001,30.7503,31.18,16806903,31.53,31.52,-1.07868020304569
2023-03-24,30.94,31.15,30.29,30.75,14786745,30.845,31.18,-1.3790891597177724
2023-03-27,31.03,31.04,30.14,30.62,17917994,30.825000000000003,30.75,-0.4227642276422694
2023-03-28,30.53,30.8599,29.98,30.07,23087307,30.3,30.62,-1.796211626387989
2023-03-29,30.62,30.9,30.2,30.87,18917520,30.745,30.07,2.660458929165288
2023-03-30,31.5,31.85,30.88,31.19,16261304,31.345,30.87,1.0366051182377767
2023-03-31,31.42,31.845,31.21,31.7,14824601,31.560000000000002,31.19,1.635139467778135
2023-04-03,31.5,31.755,31.1674,31.46,23529100,31.48,31.7,-0.7570977917981003
2023-04-04,31.94,32.1295,31.285,31.39,15146854,31.665,31.46,-0.2225047679593195
2023-04-05,30.95,31.235,30.47,31.12,17243304,31.035,31.39,-0.8601465434851852
2023-04-06,30.93,31.49,30.5,31.18,14486919,31.055,31.12,0.1928020565552746
2023-04-10,30.96,31.785,30.61,31.74,16463111,31.35,31.18,1.7960230917254627
2023-04-11,31.75,31.8,30.88,31.12,16906490,31.435000000000002,31.74,-1.953371140516691
2023-04-12,31.19,31.4499,30.4,30.59,15964933,30.89,31.12,-1.7030848329048887
2023-04-13,30.835,31.59,30.69,31.44,15079614,31.137500000000003,30.59,2.778685845047413
2023-04-14,31.31,31.62,30.9302,31.48,11851874,31.395,31.44,0.12722646310432406
2023-04-17,32.19,32.19,31.63,32.08,25206222,32.135,31.48,1.9059720457433205
2023-04-18,32.37,32.93,31.61,31.73,18698555,32.05,32.08,-1.091022443890266
2023-04-19,31.35,32.37,31.16,32.04,13821973,31.695,31.73,0.9769933816577314
2023-04-20,31.52,32.04,31.4,31.5,12747081,31.509999999999998,32.04,-1.6853932584269593
2023-04-21,31.36,31.46,29.71,30.83,40543146,31.095,31.5,-2.1269841269841328
2023-04-24,30.68,31.06,30.23,30.68,14596163,30.68,30.83,-0.48653908530651435
2023-04-25,30.34,30.47,29.5539,29.59,20399240,29.965,30.68,-3.552803129074311
2023-04-26,29.7,30.12,29.465,29.68,14277142,29.689999999999998,29.59,0.30415680973301384
2023-04-27,30.07,30.1699,29.22,29.7,27293660,29.884999999999998,29.68,0.06738544474393926
2023-04-28,29.62,31.27,29.415,31.05,28516085,30.335,29.7,4.545454545454541
2023-05-01,32.0,33.0,31.76,32.74,49867118,32.370000000000005,31.05,5.442834138486319
2023-05-02,35.02,36.625,34.23,36.52,102993471,35.77,32.74,11.545510079413557
2023-05-03,36.75,38.35,36.35,37.84,68580803,37.295,36.52,3.6144578313253017
2023-05-04,37.48,37.8,36.685,37.49,44819400,37.485,37.84,-0.9249471458773861
2023-05-05,37.48,37.95,36.87,37.75,24682890,37.614999999999995,37.49,0.6935182715390731
2023-05-08,37.82,38.93,37.48,38.83,30992060,38.325,37.75,2.8609271523178714
2023-05-09,38.49,38.58,37.905,38.19,19393602,38.34,38.83,-1.648210146793716
2023-05-10,38.6,38.95,38.1699,38.79,19531548,38.695,38.19,1.5710919088766762
2023-05-11,38.64,39.18,38.34,38.42,16515576,38.53,38.79,-0.9538540861046552
2023-05-12,38.64,39.23,38.2,38.45,21626037,38.545,38.42,0.07808433107756585
2023-05-15,38.34,38.48,37.99,38.14,17826612,38.24,38.45,-0.8062418725617748
2023-05-16,37.93,38.15,37.44,37.44,21836864,37.685,38.14,-1.8353434714210914
2023-05-17,37.73,37.955,37.36,37.84,19534395,37.785,37.44,1.0683760683760868
2023-05-18,37.98,39.49,37.76,39.25,27828117,38.614999999999995,37.84,3.7262156448202965
2023-05-19,39.25,39.49,38.915,39.18,19785499,39.215,39.25,-0.1783439490445904
2023-05-22,39.13,40.5,39.076,39.17,27581555,39.150000000000006,39.18,-0.02552322613578184
2023-05-23,38.99,39.65,38.51,38.66,18679369,38.825,39.17,-1.3020168496298279
2023-05-24,38.05,38.66,37.77,37.96,22074721,38.004999999999995,38.66,-1.8106570098292751
2023-05-25,38.48,38.585,37.525,37.95,18634222,38.215,37.96,-0.026343519494198553
2023-05-26,38.24,38.76,38.22,38.45,14438769,38.345,37.95,1.3175230566534912
2023-05-30,38.73,39.06,37.56,37.56,18143192,38.144999999999996,38.45,-2.314694408322493
2023-05-31,37.25,38.05,37.07,37.93,34506306,37.59,37.56,0.985090521831733
2023-06-01,37.5,38.5,37.265,38.48,17115298,37.989999999999995,37.93,1.4500395465330884
2023-06-02,39.0,39.89,39.0,39.73,21218954,39.364999999999995,38.48,3.2484407484407507
2023-06-05,39.5,40.79,39.5,40.42,24218595,39.96,39.73,1.7367228794362033
2023-06-06,40.2488,40.73,39.93,40.25,14570118,40.2494,40.42,-0.42058386937160464
2023-06-07,40.24,40.25,38.61,38.99,23653908,39.615,40.25,-3.130434782608693
2023-06-08,39.18,40.63,39.04,40.26,20301812,39.72,38.99,3.2572454475506385
2023-06-09,40.05,41.0,40.02,40.99,21980664,40.519999999999996,40.26,1.8132141082960906
2023-06-12,41.26,41.745,41.06,41.74,16016444,41.5,40.99,1.82971456452794
2023-06-13,41.75,41.83,40.89,41.41,16659586,41.58,41.74,-0.7906085289889897
2023-06-14,41.3,41.59,40.57,41.27,15077575,41.285,41.41,-0.33808258874666874
2023-06-15,41.02,43.75,40.94,43.36,41477785,42.19,41.27,5.064211291495013
2023-06-16,43.07,43.665,42.53,43.52,27986352,43.295,43.36,0.3690036900369176
2023-06-20,42.77,43.47,42.02,42.17,19936203,42.47,43.52,-3.102022058823528
2023-06-21,42.5,43.2178,41.77,42.66,21916497,42.58,42.17,1.1619634811477209
2023-06-22,42.3,43.87,42.21,42.81,19542077,42.555,42.66,0.35161744022504937
2023-06-23,42.59,43.755,42.33,43.34,23186640,42.965,42.81,1.2380284980144873
2023-06-26,43.75,45.04,43.68,44.42,33692974,44.085,43.34,2.4919243193354923
2023-06-27,44.69,44.83,43.75,43.83,29652066,44.26,44.42,-1.328230526789742
2023-06-28,43.5,45.24,43.32,44.24,28187374,43.870000000000005,43.83,0.935432352270138
2023-06-29,44.09,44.28,42.11,42.58,28595285,43.335,44.24,-3.7522603978300317
2023-06-30,43.11,43.4299,42.92,43.17,17589240,43.14,42.58,1.3856270549553962
2023-07-03,43.17,43.4,42.58,43.09,7578076,43.13,43.17,-0.18531387537641386
2023-07-05,42.89,43.88,42.89,43.66,15730395,43.275,43.09,1.3228127175678672
2023-07-06,42.99,43.0,41.87,42.11,18048160,42.55,43.66,-3.550160329821339
2023-07-07,42.07,43.12,41.9412,42.91,14937560,42.489999999999995,42.11,1.8997862740441684
2023-07-10,42.58,43.2,42.44,42.78,15821816,42.68,42.91,-0.3029596830575465
2023-07-11,42.1,44.67,41.746,44.36,32164969,43.230000000000004,42.78,3.693314633006084
2023-07-12,45.0,45.22,43.97,44.52,21830121,44.760000000000005,44.36,0.36068530207395977
2023-07-13,45.21,45.935,44.6218,45.64,21193224,45.425,44.52,2.515723270440251
2023-07-14,45.905,46.4,44.56,44.75,22054795,45.3275,45.64,-1.9500438212094684
2023-07-17,44.68,45.65,44.5,45.51,21937913,45.095,44.75,1.6983240223463536
2023-07-18,45.34,47.75,45.34,47.41,42620243,46.375,45.51,4.1749066139310065
2023-07-19,47.1,47.9,46.55,47.12,21990935,47.11,47.41,-0.6116852984602406
2023-07-20,46.07,47.5,45.86,46.57,23085271,46.32,47.12,-1.1672325976230802
2023-07-21,46.55,47.34,46.2804,47.23,20181244,46.89,46.57,1.4172213871591177
2023-07-24,47.06,47.55,46.84,47.32,16669824,47.19,47.23,0.19055684946009954
2023-07-25,47.2,47.73,46.93,47.17,14188200,47.185,47.32,-0.3169907016060791
2023-07-26,47.05,47.555,46.62,47.31,16666161,47.18,47.17,0.29679881280475495
2023-07-27,48.0,48.09,46.355,46.61,17991953,47.305,47.31,-1.4796026210103674
2023-07-28,47.14,48.43,46.71,48.14,17154631,47.64,46.61,3.2825573911177797
2023-07-31,48.85,49.49,48.15,49.46,38736789,49.155,48.14,2.742002492729534
2023-08-01,48.67,49.03,46.01,46.65,82282793,47.66,49.46,-5.681358673675707
2023-08-02,46.055,47.705,45.67,46.96,36303801,46.5075,46.65,0.6645230439442651
2023-08-03,46.22,47.85,45.79,45.91,25313223,46.065,46.96,-2.235945485519597
2023-08-04,46.0,46.38,45.02,45.2,25657595,45.6,45.91,-1.5465040296231636
2023-08-07,45.01,45.53,44.38,44.95,22122549,44.980000000000004,45.2,-0.553097345132747
2023-08-08,44.5,45.24,44.085,45.16,14742206,44.83,44.95,0.46718576195772243
2023-08-09,45.25,45.46,43.84,44.11,20112959,44.68,45.16,-2.3250664304694357
2023-08-10,44.13,45.18,44.09,44.6,16908213,44.365,44.11,1.1108592155973707
2023-08-11,44.0,44.3,43.31,43.71,16181113,43.855000000000004,44.6,-1.9955156950672626
2023-08-14,43.5,44.885,42.95,44.85,15828847,44.175,43.71,2.6080988332189525
2023-08-15,44.7,44.88,44.01,44.08,13404696,44.39,44.85,-1.7168338907469383
2023-08-16,43.98,44.33,43.4,43.65,14980821,43.815,44.08,-0.9754990925589846
2023-08-17,44.18,44.86,43.91,43.97,21326615,44.075,43.65,0.7331042382588748
2023-08-18,43.27,44.84,43.19,44.69,17137983,43.980000000000004,43.97,1.6374801000682337
2023-08-21,44.98,45.3,44.01,44.63,15362066,44.805,44.69,-0.13425822331616377
2023-08-22,44.94,45.18,44.02,44.35,13599785,44.644999999999996,44.63,-0.6273806856374686
2023-08-23,44.0,45.615,44.0,45.14,14625811,44.57,44.35,1.7812852311161143
2023-08-24,45.24,45.7199,44.64,44.68,18129594,44.96,45.14,-1.0190518387239722
2023-08-25,44.71,44.84,43.08,43.96,19132486,44.335,44.68,-1.61145926589078
2023-08-28,44.11,44.5199,43.71,44.15,10424110,44.129999999999995,43.96,0.4322111010009122
2023-08-29,44.21,45.585,44.1201,45.35,11335394,44.78,44.15,2.7180067950169917
2023-08-30,45.35,46.75,45.3,46.51,19869421,45.93,45.35,2.5578831312017547
2023-08-31,46.69,47.57,46.52,47.23,19263774,46.959999999999994,46.51,1.5480541818963633
2023-09-01,47.51,47.6999,46.83,47.04,14614473,47.275,47.23,-0.40228668219352004
2023-09-05,46.87,47.14,46.3,46.55,16461664,46.709999999999994,47.04,-1.041666666666674
2023-09-06,46.34,46.85,45.61,45.9,14262663,46.120000000000005,46.55,-1.396348012889359
2023-09-07,45.5,46.68,45.25,46.27,14972153,45.885000000000005,45.9,0.8061002178649357
2023-09-08,46.34,47.25,46.27,47.24,15965207,46.790000000000006,46.27,2.0963907499459644
2023-09-11,47.74,48.97,47.65,48.94,19007314,48.34,47.24,3.5986452159187055
2023-09-12,48.34,49.1881,47.9,47.92,18808980,48.13,48.94,-2.084184715978743
2023-09-13,47.51,48.3599,47.28,48.16,12691849,47.834999999999994,47.92,0.5008347245408995
2023-09-14,48.63,48.695,47.805,48.32,13068165,48.475,48.16,0.33222591362127574
2023-09-15,48.19,48.49,47.27,47.52,16130135,47.855000000000004,48.32,-1.655629139072845
2023-09-18,47.3,47.348,46.48,46.51,15025531,46.905,47.52,-2.1254208754208914
2023-09-19,46.4,47.755,46.21,47.59,19188602,46.995000000000005,46.51,2.3220812728445672
2023-09-20,46.865,47.54,46.4,46.55,22581975,46.707499999999996,47.59,-2.1853330531624415
2023-09-21,45.79,45.79,43.93,44.6,27875722,45.195,46.55,-4.189044038668088
2023-09-22,45.16,45.345,44.03,44.41,16158675,44.785,44.6,-0.42600896860988113
2023-09-25,44.14,45.11,44.11,44.91,9175373,44.525,44.41,1.1258725512272028
2023-09-26,44.5,45.389,44.045,44.27,11283619,44.385000000000005,44.91,-1.425072366956115
2023-09-27,44.51,45.4725,44.44,45.14,16835053,44.825,44.27,1.9652134628416418
2023-09-28,44.92,46.58,44.92,46.14,22199170,45.53,45.14,2.215330084182554
2023-09-29,46.75,46.92,45.85,45.99,14247042,46.370000000000005,46.14,-0.32509752925877766
2023-10-02,45.57,46.29,45.1016,45.68,14976706,45.625,45.99,-0.6740595781691727
2023-10-03,45.36,45.605,44.325,44.51,11033393,44.935,45.68,-2.561295971978983
2023-10-04,44.79,45.485,44.18,44.94,12476109,44.864999999999995,44.51,0.9660750393170048
2023-10-05,44.84,44.93,43.65,44.61,14518798,44.725,44.94,-0.7343124165554049
2023-10-06,44.06,45.945,44.06,45.78,14380568,44.92,44.61,2.622730329522538
2023-10-09,45.15,45.6,44.58,45.45,11422320,45.3,45.78,-0.7208387942332806
2023-10-10,45.75,47.275,45.55,46.63,14538614,46.19,45.45,2.5962596259625936
2023-10-11,46.9,47.21,46.265,46.64,12985479,46.769999999999996,46.63,0.021445421402521703
2023-10-12,46.54,47.04,45.6,45.95,15983613,46.245000000000005,46.64,-1.4794168096054827
2023-10-13,45.82,46.29,42.7,43.48,28215656,44.65,45.95,-5.375408052230702
2023-10-16,43.765,45.0,43.465,44.71,20447112,44.2375,43.48,2.828886844526224
2023-10-17,44.41,45.26,44.05,44.38,17337780,44.394999999999996,44.71,-0.7380899127711893
2023-10-18,43.9,44.2,42.91,43.0,15387992,43.45,44.38,-3.1095087877422323
2023-10-19,43.02,43.27,42.185,42.72,16089978,42.870000000000005,43.0,-0.6511627906976791
2023-10-20,42.72,43.3501,42.26,42.96,13966105,42.84,42.72,0.5617977528090012
2023-10-23,42.53,43.97,42.25,43.04,11277093,42.785,42.96,0.18621973929235924
2023-10-24,43.5,44.325,43.385,44.19,17566478,43.845,43.04,2.6719330855018653
2023-10-25,43.3,43.49,42.065,42.35,16495882,42.825,44.19,-4.163837972391937
2023-10-26,42.14,42.3,40.09,40.62,23465460,41.379999999999995,42.35,-4.085005903187733
2023-10-27,41.21,42.145,40.8,41.23,17098580,41.22,40.62,1.5017232890201848
2023-10-30,42.01,43.0,42.01,42.73,21292723,42.37,41.23,3.638127577007033
2023-10-31,42.82,43.53,42.2,43.28,18414020,43.05,42.73,1.2871518839223217
2023-11-01,43.25,44.0,42.91,43.83,18989315,43.54,43.28,1.2707948243992462
2023-11-02,45.35,46.86,45.25,46.48,25816850,45.915,43.83,6.046087154916724
2023-11-03,46.92,48.15,46.63,47.75,21960652,47.335,46.48,2.7323580034423367
2023-11-06,47.94,48.3,47.43,48.14,27843095,48.04,47.75,0.8167539267015744
2023-11-07,47.0,50.04,46.68,49.92,81365358,48.46,48.14,3.6975488159534775
2023-11-08,50.04,50.3,48.9,49.5,37726705,49.769999999999996,49.92,-0.8413461538461564
2023-11-09,49.3,50.68,49.02,50.05,29962340,49.675,49.5,1.1111111111111072
2023-11-10,50.01,52.1,49.9,51.58,27238617,50.795,50.05,3.0569430569430622
2023-11-13,51.17,52.42,50.72,52.24,21026866,51.705,51.58,1.2795657231485125
2023-11-14,52.9,54.31,52.39,53.88,30621855,53.39,52.24,3.1393568147013884
2023-11-15,53.92,54.26,53.16,53.76,22419701,53.84,53.88,-0.22271714922049712
2023-11-16,53.5,54.51,53.15,54.42,20810849,53.96,53.76,1.227678571428581
2023-11-17,54.13,54.51,54.01,54.44,16122436,54.285,54.42,0.03675119441381991
2023-11-20,53.83,55.355,53.76,54.75,28529194,54.29,54.44,0.5694342395297536
2023-11-21,54.23,55.08,53.89,54.85,34115507,54.54,54.75,0.18264840182649067
2023-11-22,55.1,55.82,54.96,55.37,18467671,55.235,54.85,0.9480401093892254
2023-11-24,55.15,55.9363,55.07,55.32,10696821,55.235,55.37,-0.0903016073686036
2023-11-27,55.47,56.455,55.29,56.06,19101870,55.765,55.32,1.3376717281272654
2023-11-28,55.98,56.45,55.69,56.21,20457495,56.095,56.06,0.26757046022118924
2023-11-29,56.49,57.13,56.145,56.4,23496211,56.445,56.21,0.33801814623732884
2023-11-30,56.61,56.77,55.53,56.38,32769812,56.495000000000005,56.4,-0.035460992907798694
2023-12-01,56.67,57.865,56.25,57.35,28539897,57.010000000000005,56.38,1.7204682511528846
2023-12-04,60.01,60.92,58.57,58.63,85417307,59.32,57.35,2.2319093286835345
2023-12-05,58.01,58.66,57.7006,57.97,39170598,57.989999999999995,58.63,-1.1257035647279645
2023-12-06,58.37,59.98,58.36,59.75,33834959,59.06,57.97,3.070553734690362
2023-12-07,59.67,60.995,59.525,60.98,34410194,60.325,59.75,2.058577405857731
2023-12-08,60.51,62.25,60.51,61.7,28852116,61.105000000000004,60.98,1.1807149885208368
2023-12-11,61.53,62.99,60.94,62.46,30389677,61.995000000000005,61.7,1.2317666126418159
2023-12-12,62.065,63.025,61.8301,62.72,27144311,62.3925,62.46,0.4162664105027192
2023-12-13,62.71,62.88,61.45,61.97,41661681,62.34,62.72,-1.1957908163265252
2023-12-14,62.01,62.81,60.61,62.5,44818142,62.254999999999995,61.97,0.8552525415523649
2023-12-15,62.16,63.53,61.41,61.86,364261230,62.01,62.5,-1.0240000000000027
2023-12-18,62.01,62.49,61.33,61.73,28614030,61.87,61.86,-0.21015195602974712
2023-12-19,61.88,62.7,61.69,62.12,26813795,62.0,61.73,0.631783573627076
2023-12-20,61.49,62.28,60.62,60.68,28286061,61.085,62.12,-2.318094011590466
2023-12-21,61.24,61.76,60.825,61.46,19999593,61.35,60.68,1.285431773236656
2023-12-22,61.7,62.235,61.28,61.71,14715609,61.705,61.46,0.40676863000326247
2023-12-26,61.71,62.2,61.3136,61.98,16077192,61.845,61.71,0.437530384054452
2023-12-27,62.0,63.43,62.0,63.28,20805951,62.64,61.98,2.097450790577615
2023-12-28,63.45,63.53,62.835,63.14,13795595,63.295,63.28,-0.22123893805310324
2023-12-29,62.36,63.14,61.3,61.57,21615424,61.965,63.14,-2.4865378523915127
2024-01-02,60.73,60.91,57.93,58.38,41978581,59.555,61.57,-5.181094688971899
2024-01-03,57.48,58.895,57.33,58.25,31800559,57.864999999999995,58.38,-0.22267899965742188
2024-01-04,58.25,58.985,57.73,57.8,20370664,58.025,58.25,-0.7725321888412018
2024-01-05,58.11,58.51,57.22,57.58,17886260,57.845,57.8,-0.38062283737023694
2024-01-08,58.09,59.16,57.85,59.01,21213042,58.55,57.58,2.4835012156998904
2024-01-09,58.5,60.54,58.45,60.3,22319853,59.4,59.01,2.186070157600395
2024-01-10,60.28,62.61,60.28,62.41,30788925,61.345,60.3,3.499170812603647
2024-01-11,62.99,63.61,61.86,63.47,28888928,63.230000000000004,62.41,1.6984457618971271
2024-01-12,63.2,64.92,63.0,63.2,26374740,63.2,63.47,-0.4253978257444446
2024-01-16,63.0,64.0,62.92,63.65,19511781,63.325,63.2,0.7120253164556889
2024-01-17,62.95,63.42,61.68,63.12,19971592,63.035,63.65,-0.8326787117046375
2024-01-18,64.0,65.0,63.385,64.88,24149938,64.44,63.12,2.7883396704689423
2024-01-19,64.9,65.385,64.41,65.11,20339427,65.005,64.88,0.3545006165228237
2024-01-22,65.44,65.61,64.15,64.55,17851716,64.995,65.11,-0.8600829365688845
2024-01-23,64.5,64.81,63.69,64.32,13619608,64.41,64.55,-0.356312935708758
2024-01-24,64.0,64.3975,63.22,63.76,17238147,63.879999999999995,64.32,-0.8706467661691475
2024-01-25,64.28,66.03,63.71,66.0,21962965,65.14,63.76,3.5131744040150625
2024-01-26,65.65,66.045,65.29,65.52,13099618,65.58500000000001,66.0,-0.727272727272732
2024-01-29,65.6,67.1,65.56,66.98,15902036,66.28999999999999,65.52,2.2283272283272426
2024-01-30,66.9,67.69,66.22,66.84,17562145,66.87,66.98,-0.20901761719916978
2024-01-31,65.7,66.25,64.845,65.27,17026414,65.485,66.84,-2.3488928785158736
2024-02-01,66.12,66.85,65.59,66.73,12504225,66.42500000000001,65.27,2.2368622644400205
2024-02-02,66.98,68.25,66.51,68.07,18671765,67.525,66.73,2.0080923123033
2024-02-05,68.24,69.99,67.855,68.99,26079529,68.615,68.07,1.3515498751285548
2024-02-06,69.06,70.68,68.44,70.47,34596121,69.765,68.99,2.1452384403536806
2024-02-07,67.595,71.9,67.24,70.65,43366951,69.1225,70.47,0.25542784163474774
2024-02-08,71.93,73.05,71.195,71.61,21618176,71.77000000000001,70.65,1.3588110403397025
2024-02-09,71.43,72.04,69.69,70.91,20858737,71.17,71.61,-0.9775171065493637
2024-02-12,71.0,71.38,68.735,69.12,19554941,70.06,70.91,-2.5243266111972806
2024-02-13,67.895,69.55,66.71,68.99,22857142,68.4425,69.12,-0.18807870370372015
2024-02-14,74.6,79.2,74.31,79.15,69846652,76.875,68.99,14.726771995941457
2024-02-15,79.0,81.865,78.28,81.39,40330151,80.195,79.15,2.830069488313325
2024-02-16,80.55,80.88,78.11,78.41,24457475,79.47999999999999,81.39,-3.661383462341816
2024-02-20,78.23,78.42,75.82,76.6,23816359,77.41499999999999,78.41,-2.3083790332865783
2024-02-21,76.32,77.49,75.875,76.44,15102053,76.38,76.6,-0.20887728459529908
2024-02-22,79.59,79.72,77.51,78.03,16766442,78.81,76.44,2.080062794348514
2024-02-23,78.5,78.97,77.72,78.2,15648826,78.35,78.03,0.2178649237472685
2024-02-26,78.28,78.5,77.3,78.36,16617286,78.32,78.2,0.2046035805626456
2024-02-27,78.64,79.75,77.8133,78.75,13707348,78.695,78.36,0.4977029096477903
2024-02-28,78.6,78.66,77.42,77.73,11853130,78.16499999999999,78.75,-1.2952380952380937
2024-02-29,78.35,79.68,77.93,79.5,19405546,78.925,77.73,2.2771130837514475
2024-03-01,79.5,81.47,79.32,81.03,18528745,80.265,79.5,1.9245283018867854
2024-03-04,81.94,82.14,80.79,81.3,15989175,81.62,81.03,0.33320992225100987
2024-03-05,80.83,80.85,77.43,79.09,19761584,79.96000000000001,81.3,-2.718327183271829
2024-03-06,80.17,80.99,78.53,78.64,13734710,79.405,79.09,-0.5689720571500856
2024-03-07,79.4,80.075,78.26,79.41,13873312,79.405,78.64,0.9791454730416982
2024-03-08,79.94,81.98,78.2101,78.7,16414858,79.32,79.41,-0.8940939428283556
2024-03-11,78.7,78.89,76.53,77.47,13781394,78.08500000000001,78.7,-1.5628970775095397
2024-03-12,78.01,78.48,77.48,78.32,11303824,78.16499999999999,77.47,1.0971989157092965
2024-03-13,78.0,79.6911,77.93,78.25,12065099,78.125,78.32,-0.08937691521960778
2024-03-14,78.34,78.48,76.9,77.65,12737226,77.995,78.25,-0.7667731629392938
2024-03-15,77.0,77.84,75.77,76.07,24554947,76.535,77.65,-2.0347714101738745
2024-03-18,77.0,77.0,73.66,75.7,18936712,76.35,76.07,-0.4863941106875158
2024-03-19,75.38,77.18,74.19,77.08,13035194,76.22999999999999,75.7,1.8229854689564062
2024-03-20,77.09,78.95,76.75,78.64,11490382,77.86500000000001,77.08,2.0238713025428234
2024-03-21,79.6,81.23,79.09,80.25,16191090,79.925,78.64,2.047304170905395
2024-03-22,79.8,80.45,79.2,80.23,8872408,80.015,80.25,-0.024922118380055203
2024-03-25,79.99,81.04,79.39,79.41,10254259,79.69999999999999,80.23,-1.022061572977695
2024-03-26,79.8,80.18,77.78,77.91,12438286,78.85499999999999,79.41,-1.8889308651303338
2024-03-27,78.96,79.0,76.85,78.11,13156953,78.535,77.91,0.2567064561673771
2024-03-28,77.9,78.05,76.895,76.99,13421916,77.445,78.11,-1.4338753040583851
2024-04-01,77.0,77.78,76.0,76.4,12201773,76.7,76.99,-0.7663332900376574
2024-04-02,75.66,77.33,74.97,76.98,15838768,76.32,76.4,0.7591623036649287
2024-04-03,76.84,78.85,76.54,76.81,19883084,76.825,76.98,-0.22083658093011715
2024-04-04,77.24,77.67,74.48,74.92,17191332,76.08,76.81,-2.4606171071475114
2024-04-05,75.34,78.395,74.92,77.16,21572026,76.25,74.92,2.989855846235989
2024-04-08,76.7,76.86,73.95,75.03,22867563,75.86500000000001,77.16,-2.760497667185069
2024-04-09,74.77,75.5,73.33,75.14,13766815,74.955,75.03,0.14660802345727308
2024-04-10,74.4,75.305,73.535,74.35,12533910,74.375,75.14,-1.0513707745541723
2024-04-11,74.8,76.56,74.705,76.18,13653565,75.49000000000001,74.35,2.461331540013467
2024-04-12,75.05,75.82,74.49,75.28,11590774,75.16499999999999,76.18,-1.181412444211083
2024-04-15,76.38,76.68,72.88,73.4,16093430,74.89,75.28,-2.4973432518597183
2024-04-16,73.39,74.7,72.7,74.13,14513119,73.75999999999999,73.4,0.9945504087193413
2024-04-17,75.0,75.615,71.04,71.94,15363128,73.47,74.13,-2.9542695265074803
2024-04-18,72.26,72.855,70.64,71.3,20425974,71.78,71.94,-0.8896302474284079
2024-04-19,71.15,71.15,68.38,69.21,23169861,70.18,71.3,-2.931276297335206
2024-04-22,70.48,70.89,68.48,68.98,26804899,69.73,69.21,-0.332321918797851
2024-04-23,70.02,71.14,69.62,70.8,16814207,70.41,68.98,2.6384459263554483
2024-04-24,70.15,70.22,67.365,69.36,27515596,69.755,70.8,-2.033898305084747
2024-04-25,67.86,70.29,67.38,69.31,20545159,68.58500000000001,69.36,-0.07208765859284538
2024-04-26,69.975,70.15,68.7,69.05,16187639,69.51249999999999,69.31,-0.3751262444091852
2024-04-29,68.5,68.66,67.2,67.4,21143373,67.95,69.05,-2.389572773352633
2024-04-30,67.225,68.5991,66.07,66.27,22707275,66.7475,67.4,-1.6765578635014933
2024-05-01,66.04,69.41,65.86,67.79,21276158,66.915,66.27,2.2936472008450393
2024-05-02,68.4,69.036,67.625,68.57,18229306,68.485,67.79,1.1506121846879935
2024-05-03,69.845,70.3386,69.03,69.23,15557671,69.5375,68.57,0.9625200525011035
2024-05-06,71.0,73.82,70.832,71.51,25001918,71.255,69.23,3.2933699263325122
2024-05-07,72.64,72.64,69.8,70.43,24427252,71.535,71.51,-1.5102782827576489
2024-05-08,64.5,67.2,63.8353,66.4,84219974,65.45,70.43,-5.721993468692322
2024-05-09,66.81,68.57,66.75,67.93,27965536,67.37,66.4,2.304216867469888
2024-05-10,67.82,67.9,66.4,66.99,18924391,67.405,67.93,-1.3837774179302431
2024-05-13,67.0,67.0637,64.72,66.02,18983132,66.50999999999999,66.99,-1.4479773100462778
2024-05-14,65.85,66.1,64.75,65.32,19462279,65.585,66.02,-1.0602847621932754
2024-05-15,66.0,66.66,65.22,66.62,16308711,66.31,65.32,1.9902020820575794
2024-05-16,66.97,67.33,66.0,66.05,19923462,66.50999999999999,66.62,-0.8555989192434832
2024-05-17,66.5,66.64,65.52,65.67,15703320,66.08500000000001,66.05,-0.5753217259651722
2024-05-20,65.64,65.87,64.305,64.65,15864425,65.14500000000001,65.67,-1.5532206486980282
2024-05-21,64.13,64.65,63.81,63.97,16592548,64.05,64.65,-1.0518174787316426
2024-05-22,64.82,66.09,64.52,65.48,22562072,65.15,63.97,2.3604814756917447
2024-05-23,65.56,65.8,63.25,63.6,20114981,64.58,65.48,-2.8711056811240088
2024-05-24,63.78,64.76,63.62,64.26,10385892,64.02000000000001,63.6,1.0377358490566202
2024-05-28,64.61,64.61,63.1,63.52,14213346,64.065,64.26,-1.1515717398070335
2024-05-29,63.01,65.365,62.91,64.93,16987906,63.97,63.52,2.219773299748118
2024-05-30,64.79,65.41,63.72,64.12,12692547,64.45500000000001,64.93,-1.2474973047897797
2024-05-31,64.2,64.63,63.14,64.56,17322445,64.38,64.12,0.6862133499688117
2024-06-03,64.78,64.96,62.935,63.79,14922214,64.285,64.56,-1.1926889714993893
2024-06-04,64.06,65.19,63.7,64.55,12689227,64.305,63.79,1.1914093118043478
2024-06-05,64.94,66.28,64.21,65.82,19513505,65.38,64.55,1.9674670797831029
2024-06-06,67.45,69.69,67.33,68.9,25871476,68.17500000000001,65.82,4.679428745062308
2024-06-07,68.9,69.71,68.11,69.31,13932603,69.105,68.9,0.59506531204645
2024-06-10,69.28,69.6913,66.56,68.6,19168881,68.94,69.31,-1.0243832058866031
2024-06-11,68.6,69.6,67.76,69.59,12741160,69.095,68.6,1.4431486880466693
2024-06-12,71.31,73.6,71.0,73.15,24435503,72.23,69.59,5.115677539876429
2024-06-13,73.16,73.16,70.24,70.86,17109442,72.00999999999999,73.15,-3.1305536568694503
2024-06-14,70.91,71.0,69.32,70.06,11601130,70.485,70.86,-1.128986734405868
2024-06-17,69.91,70.83,69.83,70.49,14760477,70.19999999999999,70.06,0.6137596345989094
2024-06-18,70.6,71.21,69.89,70.33,9511579,70.465,70.49,-0.2269825507164036
2024-06-20,70.51,71.12,69.73,70.3,10662403,70.405,70.33,-0.04265605004977191
2024-06-21,70.04,70.25,69.23,70.21,20913321,70.125,70.3,-0.12802275960170917
2024-06-24,69.83,71.23,69.75,70.54,12479277,70.185,70.21,0.47001851588095445
2024-06-25,71.86,72.94,70.22,71.38,18911562,71.62,70.54,1.1908137227105042
2024-06-26,70.94,71.6,70.55,70.85,10232568,70.895,71.38,-0.7425049033342734
2024-06-27,70.98,71.32,70.07,70.34,9650481,70.66,70.85,-0.7198306280874922
2024-06-28,70.81,73.26,70.77,72.68,21375880,71.745,70.34,3.326698891100377
2024-07-01,72.2,72.58,69.4,71.1,13438725,71.65,72.68,-2.1739130434782816
2024-07-02,71.25,71.26,68.88,70.67,14318951,70.96000000000001,71.1,-0.6047819971870538
2024-07-03,70.66,72.14,70.5,71.3,7869781,70.97999999999999,70.67,0.8914673836139642
2024-07-05,70.99,71.4177,70.385,71.06,6599189,71.025,71.3,-0.3366058906030811
2024-07-08,71.31,71.78,70.75,71.25,7231051,71.28,71.06,0.2673796791443861
2024-07-09,71.4,72.28,71.13,71.32,8759653,71.36,71.25,0.09824561403508625
2024-07-10,71.5,71.5,68.38,69.27,14638754,70.38499999999999,71.32,-2.8743690409422262
2024-07-11,69.51,73.645,68.85,73.53,26702460,71.52000000000001,69.27,6.14984841922912
2024-07-12,72.11,73.8,72.11,72.43,14683659,72.27000000000001,73.53,-1.4959880320957408
2024-07-15,73.06,73.25,70.7605,72.29,13472570,72.67500000000001,72.43,-0.19329007317410163
2024-07-16,73.11,75.4,73.11,74.3,17528998,73.705,72.29,2.7804675612117746
2024-07-17,73.38,73.41,68.555,68.62,27884447,71.0,74.3,-7.644683714670242
2024-07-18,69.0,69.3413,65.81,66.26,21988924,67.63,68.62,-3.4392305450306027
2024-07-19,66.78,67.44,66.1,67.31,12809588,67.045,66.26,1.5846664654391773
2024-07-22,67.53,68.78,67.085,67.73,13407987,67.63,67.31,0.6239786064477837
2024-07-23,68.05,69.1,67.28,67.52,9539770,67.785,67.73,-0.31005462867268463
2024-07-24,67.27,67.79,65.78,66.14,15187117,66.705,67.52,-2.043838862559233
2024-07-25,66.0,69.37,64.4,65.74,22596919,65.87,66.14,-0.6047777441790192
2024-07-26,66.1,66.26,64.18,64.4,17379446,65.25,65.74,-2.0383328262853495
2024-07-29,64.835,65.2554,63.72,63.76,16906996,64.2975,64.4,-0.9937888198757849
2024-07-30,64.15,64.77,62.61,63.09,16506187,63.620000000000005,63.76,-1.0508155583437762
2024-07-31,63.88,65.182,63.66,64.47,18209679,64.175,63.09,2.1873514027579644
2024-08-01,64.86,65.0,60.76,61.02,18967935,62.94,64.47,-5.351326198231732
2024-08-02,59.38,59.58,56.86,58.99,27654556,59.185,61.02,-3.3267781055391743
2024-08-05,55.53,58.65,54.84,58.48,32063685,57.004999999999995,58.99,-0.8645533141210415
2024-08-06,62.55,65.82,60.5,64.87,53336871,63.71,58.48,10.926812585499324
2024-08-07,65.56,68.4,65.49,65.54,31493570,65.55000000000001,64.87,1.0328349005703785
2024-08-08,66.525,69.165,65.95,69.01,21779121,67.76750000000001,65.54,5.294476655477576
2024-08-09,69.14,69.38,67.75,68.54,12770320,68.84,69.01,-0.6810607158382775
2024-08-12,68.61,69.31,68.02,69.26,10826108,68.935,68.54,1.0504814706740584
2024-08-13,69.77,71.19,69.38,71.06,15472546,70.41499999999999,69.26,2.598902685532778
2024-08-14,71.6,72.0,70.61,71.93,12336957,71.765,71.06,1.2243174781874533
2024-08-15,72.51,73.42,72.29,72.73,13711340,72.62,71.93,1.112192409286794
2024-08-16,72.5,73.35,71.755,72.04,11548276,72.27000000000001,72.73,-0.9487144232091294
2024-08-19,72.0,74.22,71.795,74.18,13821265,73.09,72.04,2.9705719044974987
2024-08-20,74.27,74.48,73.28,73.31,10246486,73.78999999999999,74.18,-1.1728228633054782
2024-08-21,73.72,74.29,73.06,73.48,9290198,73.6,73.31,0.23189196562543035
2024-08-22,73.55,74.12,72.67,73.31,9571940,73.43,73.48,-0.2313554708764265
2024-08-23,72.85,74.455,72.35,74.3,13065551,73.57499999999999,73.31,1.3504296821715833
2024-08-26,74.3,74.3,72.11,72.61,10999937,73.455,74.3,-2.2745625841184336
2024-08-27,72.49,73.09,71.8,72.56,7294117,72.525,72.61,-0.06886103842445035
2024-08-28,72.5,72.55,71.02,71.85,9529378,72.175,72.56,-0.9785005512679246
2024-08-29,72.5,73.28,72.13,72.24,9300785,72.37,71.85,0.542797494780789
2024-08-30,72.89,73.4194,72.06,73.13,12676935,73.00999999999999,72.24,1.2320044296788568
2024-09-03,72.57,73.61,71.21,71.89,13053336,72.22999999999999,73.13,-1.6956105565431367
2024-09-04,71.52,72.69,71.3,71.56,7995815,71.53999999999999,71.89,-0.4590346362498221
2024-09-05,71.08,72.62,70.92,71.25,8890860,71.16499999999999,71.56,-0.433202906651764
2024-09-06,71.13,72.02,68.729,69.58,11449834,70.35499999999999,71.25,-2.3438596491228147
2024-09-09,70.95,71.19,69.6325,69.8,8804605,70.375,69.58,0.31618281115262103
2024-09-10,70.0,70.46,67.64,68.99,20227244,69.495,69.8,-1.1604584527220685
2024-09-11,68.83,70.22,67.12,70.11,14671855,69.47,68.99,1.6234236845919847
2024-09-12,70.06,70.49,67.85,68.09,16381657,69.075,70.11,-2.8811867066039
2024-09-13,72.4,72.755,70.94,72.48,30376487,72.44,68.09,6.447349096783661
2024-09-16,72.36,72.5,71.04,71.52,12016670,71.94,72.48,-1.324503311258285
2024-09-17,71.97,73.73,71.31,72.78,14639821,72.375,71.52,1.7617449664429685
2024-09-18,72.77,74.74,72.192,73.5,11720932,73.13499999999999,72.78,0.9892827699917506
2024-09-19,74.98,76.46,74.56,75.28,17698445,75.13,73.5,2.4217687074829852
2024-09-20,74.82,75.05,73.4511,73.94,17472693,74.38,75.28,-1.7800212539851312
2024-09-23,75.11,75.27,73.78,74.71,8285323,74.91,73.94,1.0413849066810865
2024-09-24,76.0,77.51,75.97,77.44,16099212,76.72,74.71,3.654129299959852
2024-09-25,77.51,78.28,77.08,77.14,12552602,77.325,77.44,-0.3873966942148699
2024-09-26,78.36,78.45,75.13,76.69,14788553,77.525,77.14,-0.5833549390718229
2024-09-27,77.03,77.08,75.7,75.75,7580133,76.39,76.69,-1.2257139131568673
2024-09-30,75.305,75.72,74.255,75.16,12993585,75.2325,75.75,-0.778877887788787
2024-10-01,75.77,75.77,73.84,74.24,8980535,75.005,75.16,-1.224055348589681
2024-10-02,74.09,74.31,72.79,72.87,11323367,73.48,74.24,-1.8453663793103314
2024-10-03,72.56,73.21,71.9,72.94,11096334,72.75,72.87,0.09606147934677622
2024-10-04,74.11,74.32,73.22,74.28,10757712,74.195,72.94,1.8371264052646108
2024-10-07,74.255,75.74,73.73,74.59,15328806,74.4225,74.28,0.4173397953688873
2024-10-08,75.25,77.02,75.06,76.17,17800250,75.71000000000001,74.59,2.118246413728375
2024-10-09,76.0,77.96,75.955,77.87,17251051,76.935,76.17,2.2318498096363326
2024-10-10,77.65,78.24,76.9,77.92,15033626,77.785,77.87,0.06420958006934097
2024-10-11,82.0,87.0,81.86,86.34,57290484,84.17,77.92,10.805954825462006
2024-10-14,85.64,86.18,84.18,84.94,14752430,85.28999999999999,86.34,-1.6214964095436657
2024-10-15,84.77,84.77,82.65,83.2,14858455,83.985,84.94,-2.048504826936659
2024-10-16,82.93,83.48,81.62,81.9,12398522,82.415,83.2,-1.5625
2024-10-17,79.92,80.88,79.41,79.9,27373196,79.91,81.9,-2.4420024420024444
2024-10-18,80.53,80.55,78.8,79.16,14186721,79.845,79.9,-0.9261576971214103
2024-10-21,79.94,80.57,79.55,80.46,11238726,80.19999999999999,79.16,1.6422435573521854
2024-10-22,80.47,81.25,79.98,80.41,10754049,80.44,80.46,-0.062142679592336325
2024-10-23,80.055,80.32,79.36,79.83,8689871,79.9425,80.41,-0.7213033204825248
2024-10-24,78.005,78.6,77.14,78.38,15220863,78.1925,79.83,-1.8163597644995644
2024-10-25,78.26,78.84,76.96,77.62,11727421,77.94,78.38,-0.9696351109976908
2024-10-28,78.2,78.38,77.47,77.69,9311857,77.945,77.62,0.09018294254057313
2024-10-29,77.85,79.99,77.77,79.21,14469580,78.53,77.69,1.9564937572403185
2024-10-30,79.23,80.075,78.8201,79.43,14997693,79.33000000000001,79.21,0.277742709253892
2024-10-31,74.5,74.99,69.87,72.05,64047078,73.275,79.43,-9.291199798564787
2024-11-01,73.94,74.15,72.25,73.25,33542204,73.595,72.05,1.6655100624566321
2024-11-04,72.75,74.22,72.66,73.25,14949148,73.0,73.25,0.0
2024-11-05,73.55,74.34,73.24,74.15,12274566,73.85,73.25,1.2286689419795271
2024-11-06,73.455,74.62,70.7412,74.36,26410662,73.9075,74.15,0.2832097100471831
2024-11-07,76.1,76.4,72.74,73.13,24305902,74.615,74.36,-1.6541151156535872
2024-11-08,73.44,73.56,71.555,72.04,20152597,72.74000000000001,73.13,-1.4904963763161305
2024-11-11,72.5,73.0,71.34,71.65,22682174,72.075,72.04,-0.5413659078289834
2024-11-12,71.96,72.68,71.2,71.37,19439705,71.66499999999999,71.65,-0.3907885554780166
2024-11-13,71.6,72.08,70.55,71.16,15006009,71.38,71.37,-0.2942412778478509
2024-11-14,71.21,72.75,70.76,71.44,17372180,71.32499999999999,71.16,0.3934794828555299
2024-11-15,72.04,73.63,71.76,73.25,23980917,72.64500000000001,71.44,2.533594624860025
2024-11-18,72.04,72.04,67.8,69.33,45238309,70.685,73.25,-5.351535836177479
2024-11-19,68.2645,69.6,68.2,69.13,22289103,68.69725,69.33,-0.28847540747152234
2024-11-20,69.26,70.33,68.95,69.6,16656551,69.43,69.13,0.6798784898018218
2024-11-21,70.28,70.87,68.8,69.64,25657713,69.96000000000001,69.6,0.057471264367814356
2024-11-22,69.965,71.54,69.35,71.51,14874060,70.73750000000001,69.64,2.6852383687536063
2024-11-25,72.51,73.55,71.83,73.42,17446563,72.965,71.51,2.6709551111732566
2024-11-26,73.5,73.5,71.34,71.56,13704896,72.53,73.42,-2.5333696540452144
2024-11-27,72.05,72.7,71.01,71.62,12967786,71.83500000000001,71.56,0.0838457238680812
2024-11-29,71.7,72.44,71.52,71.96,7348658,71.83,71.62,0.474727729684421
2024-12-02,71.93,73.44,71.47,73.07,11574636,72.5,71.96,1.542523624235681
2024-12-03,73.05,73.25,71.2499,71.27,12760488,72.16,73.07,-2.4633912686464976
2024-12-04,71.4,72.4,70.65,72.16,17263132,71.78,71.27,1.2487722744492835
2024-12-05,71.93,72.03,64.28,65.23,77320417,68.58000000000001,72.16,-9.603658536585357
2024-12-06,66.45,67.1,65.2,66.09,36413161,66.27000000000001,65.23,1.3184117737237377
2024-12-09,65.47,66.17,65.06,65.74,27602901,65.60499999999999,66.09,-0.5295808745650055
2024-12-10,65.74,65.76,64.64,64.96,23672866,65.35,65.74,-1.186492242166115
2024-12-11,64.695,64.695,60.23,61.18,71089520,62.9375,64.96,-5.81896551724137
2024-12-12,63.165,63.54,61.25,61.41,45673208,62.287499999999994,61.18,0.3759398496240518
2024-12-13,61.86,62.26,59.74,59.93,47325346,60.894999999999996,61.41,-2.410030939586383
2024-12-16,60.32,61.3,60.12,60.25,38612401,60.285,59.93,0.5339562823293953
2024-12-17,59.42,61.04,59.33,61.03,35025487,60.225,60.25,1.294605809128635
2024-12-18,61.39,63.94,60.85,61.23,46736705,61.31,61.03,0.3277076847451932
2024-12-19,61.775,62.31,59.98,60.21,27811409,60.9925,61.23,-1.66585007349338
2024-12-20,60.085,61.39,59.7503,60.73,26377669,60.4075,60.21,0.8636439129712681
2024-12-23,60.89,62.22,60.76,61.87,16093552,61.379999999999995,60.73,1.8771612053350983
2024-12-24,61.97,61.98,60.88,61.71,7882461,61.84,61.87,-0.2586067561014982
2024-12-26,61.59,61.97,61.16,61.56,12683898,61.575,61.71,-0.2430724355858005
2024-12-27,61.1856,61.26,60.02,61.13,13483564,61.1578,61.56,-0.6985055230669279
2024-12-30,60.58,61.37,60.12,60.77,17709217,60.675,61.13,-0.5889088827089828
2024-12-31,61.0,61.1,60.17,60.32,14487281,60.66,60.77,-0.7404969557347374
2025-01-02,62.19,63.39,61.31,63.17,25899072,62.68,60.32,4.724801061007966
2025-01-03,63.69,65.22,63.44,64.59,28553825,64.14,63.17,2.2479024853569785
2025-01-06,66.97,67.35,66.04,66.31,32980652,66.64,64.59,2.6629509211952396
2025-01-07,68.49,68.84,65.95,66.15,35347776,67.32,66.31,-0.24129090634895656
2025-01-08,66.4,66.68,64.12,64.91,24523299,65.655,66.15,-1.8745275888133128
2025-01-10,64.5,66.6,63.96,65.97,30728846,65.235,64.91,1.6330303497150034
2025-01-13,65.155,67.195,65.02,65.7,23960107,65.42750000000001,65.97,-0.4092769440654731
2025-01-14,66.17,66.81,64.62,64.84,25735753,65.505,65.7,-1.3089802130898054
2025-01-15,66.01,67.245,66.01,67.02,22704830,66.515,64.84,3.3621221468229434
2025-01-16,67.76,69.58,67.64,68.58,29013144,68.17,67.02,2.327663384064471
2025-01-17,68.8,69.02,67.23,67.34,27139154,68.07,68.58,-1.8081073199183395
2025-01-21,67.945,68.18,66.85,67.74,21423617,67.8425,67.34,0.5940005940005877
2025-01-22,68.39,68.43,67.5,67.82,18130028,68.10499999999999,67.74,0.1180986123413108
2025-01-23,67.6,68.37,67.24,68.3,15355443,67.94999999999999,67.82,0.7077558242406523
2025-01-24,68.725,69.31,68.4,68.56,14360349,68.6425,68.3,0.38067349926793614
2025-01-27,67.67,69.41,67.37,68.77,20904644,68.22,68.56,0.3063010501750174
2025-01-28,68.395,69.6752,67.1624,68.07,24988456,68.23249999999999,68.77,-1.0178857059764512
2025-01-29,67.85,68.06,65.82,66.75,29592594,67.3,68.07,-1.9391802556192106
2025-01-30,63.42,67.222,63.42,66.59,33246503,65.005,66.75,-0.23970037453182602
2025-01-31,67.09,67.87,66.3327,66.85,19805625,66.97,66.59,0.39044901636882123
2025-02-03,65.3,68.85,65.1781,67.29,25290048,66.295,66.85,0.6581899775617295
2025-02-04,67.83,70.19,67.69,69.75,33786239,68.78999999999999,67.29,3.6558181007579016
2025-02-05,66.355,66.75,63.5,64.48,78975878,65.4175,69.75,-7.555555555555548
2025-02-06,65.67,70.05,65.54,69.99,45940242,67.83,64.48,8.545285359801479
2025-02-07,70.36,76.775,70.13,74.6,81813184,72.47999999999999,69.99,6.586655236462358
2025-02-10,77.32,78.99,76.8,78.63,42551673,77.975,74.6,5.402144772117956
2025-02-11,78.91,79.2,76.6,76.95,27329560,77.93,78.63,-2.1365890881342886
2025-02-12,74.95,80.1,74.15,79.35,33142366,77.15,76.95,3.1189083820662766
2025-02-13,79.25,80.53,78.51,80.29,21754709,79.77000000000001,79.35,1.1846250787649781
2025-02-14,80.25,80.35,78.87,79.42,15405688,79.83500000000001,80.29,-1.0835720513139968
2025-02-18,79.85,81.51,79.75,81.49,18943227,80.66999999999999,79.42,2.6063963737093854
2025-02-19,80.79,81.9,79.26,81.16,14973426,80.975,81.49,-0.4049576635169916
2025-02-20,81.23,81.84,80.06,81.26,14770273,81.245,81.16,0.12321340561853855
2025-02-21,81.26,82.1,78.36,78.89,21774329,80.075,81.26,-2.916564115185827
2025-02-24,78.65,78.88,74.85,76.42,24368386,77.535,78.89,-3.130941817720878
2025-02-25,76.36,76.37,73.53,74.95,19559249,75.655,76.42,-1.9235802146035041
2025-02-26,75.33,76.49,75.3101,75.87,10338710,75.6,74.95,1.2274849899933216
2025-02-27,76.0,77.69,73.71,74.21,22535938,75.10499999999999,75.87,-2.1879530776328093
2025-02-28,74.33,76.11,73.58,76.01,17752015,75.17,74.21,2.425549117369652
2025-03-03,77.19,77.74,73.68,74.44,16999495,75.815,76.01,-2.065517695040131
2025-03-04,72.93,76.68,71.6,75.26,24241234,74.095,74.44,1.1015583019881925
2025-03-05,75.65,76.94,74.93,76.48,13122294,76.065,75.26,1.6210470369386165
2025-03-06,75.315,77.22,74.7254,74.96,16504911,75.13749999999999,76.48,-1.987447698744782
2025-03-07,74.045,76.6996,73.78,76.27,18610386,75.1575,74.96,1.7475987193169784
2025-03-10,74.78,75.49,71.97,73.06,22120094,73.92,76.27,-4.208732135833215
2025-03-11,71.44,74.25,69.57,70.65,26668190,71.045,73.06,-3.2986586367369286
2025-03-12,72.31,72.42,69.55,71.2,17315032,71.755,70.65,0.7784854918612805
2025-03-13,71.725,72.0,69.36,69.51,15272232,70.6175,71.2,-2.373595505617976
2025-03-14,70.55,71.7899,70.33,71.55,13537279,71.05,69.51,2.934829520932225
2025-03-17,72.02,73.81,71.775,72.73,20577768,72.375,71.55,1.6491963661775078
2025-03-18,72.2,72.675,70.4802,71.55,16137507,71.875,72.73,-1.6224391585315634
2025-03-19,71.9,73.785,70.73,73.02,15042059,72.46000000000001,71.55,2.0545073375262124
2025-03-20,72.56,75.54,72.46,74.35,17851353,73.455,73.02,1.821418789372764
